date,ydd_hrel,mjd_hrel,3003430_hrf,3003420_hrf,8000701_hrf,3003452_hrf,3003431_hrf,3003450_hrf,3003454_hrf,8000735_hrf,3004620_hwl
2023-05-14 00:00:00,8.849,0.0,0.0,0.0,0.0,0.0,0.0,0.0,0.0,0.0,0.44
2023-05-14 01:00:00,8.684,0.0,0.0,0.0,0.0,0.0,0.0,0.0,0.0,0.0,0.44
2023-05-14 02:00:00,8.676,0.0,0.0,0.0,0.0,0.0,0.0,0.0,0.0,0.0,0.47
2023-05-14 03:00:00,8.675,0.0,0.0,0.0,0.0,0.0,0.0,0.0,0.0,0.0,0.49
2023-05-14 04:00:00,8.674,0.0,0.0,0.0,0.0,0.0,0.0,0.0,0.0,0.0,0.51
2023-05-14 05:00:00,8.674,0.0,0.0,0.0,0.0,0.0,0.0,0.0,0.0,0.0,0.52
2023-05-14 06:00:00,8.672,0.0,0.0,0.0,0.0,0.0,0.0,0.0,0.0,0.0,0.52
2023-05-14 07:00:00,8.669,0.0,0.0,0.0,0.0,0.0,0.0,0.0,0.0,0.0,0.53
2023-05-14 08:00:00,8.675,0.0,0.0,0.0,0.0,0.0,0.0,0.0,0.0,0.0,0.53
2023-05-14 09:00:00,8.674,0.0,0.0,0.0,0.0,0.0,0.0,0.0,0.0,0.0,0.53
2023-05-14 10:00:00,8.672,0.0,0.0,0.0,0.0,0.0,0.0,0.0,0.0,0.0,0.53
2023-05-14 11:00:00,8.672,0.0,0.0,0.0,0.0,0.0,0.0,0.0,0.0,0.0,0.53
2023-05-14 12:00:00,8.669,0.0,0.0,0.0,0.0,0.0,0.0,0.0,0.0,0.0,0.5
2023-05-14 13:00:00,8.664,0.0,0.0,0.0,0.0,0.0,0.0,0.0,0.0,0.0,0.46
2023-05-14 14:00:00,8.661,0.0,0.0,0.0,0.0,0.0,0.0,0.0,0.0,0.0,0.45
2023-05-14 15:00:00,8.659,0.0,0.0,0.0,0.0,0.0,0.0,0.0,0.0,0.0,0.48
2023-05-14 16:00:00,8.659,0.0,0.0,0.0,0.0,0.0,0.0,0.0,0.0,0.0,0.51
2023-05-14 17:00:00,8.658,0.0,0.0,0.0,0.0,0.0,0.0,0.0,0.0,0.0,0.51
2023-05-14 18:00:00,8.659,0.0,0.0,0.0,0.0,0.0,0.0,0.0,0.0,0.0,0.52
2023-05-14 19:00:00,8.655,0.0,0.0,0.0,0.0,0.0,0.0,0.0,0.0,0.0,0.48
2023-05-14 20:00:00,8.656,0.0,0.0,0.0,0.0,0.0,0.0,0.0,0.0,0.0,0.47
2023-05-14 21:00:00,8.659,0.0,0.0,0.0,0.0,0.0,0.0,0.0,0.0,0.0,0.45
2023-05-14 22:00:00,8.665,0.0,0.0,0.0,0.0,0.0,0.0,0.0,0.0,0.0,0.47
2023-05-14 23:00:00,8.665,0.0,0.0,0.0,0.0,0.0,0.0,0.0,0.0,0.0,0.5
2023-05-15 00:00:00,8.664,0.0,0.0,0.0,0.0,0.0,0.0,0.0,0.0,0.0,0.5
2023-05-15 01:00:00,8.667,0.0,0.0,0.0,0.0,0.0,0.0,0.0,0.0,0.0,0.52
2023-05-15 02:00:00,8.668,0.0,0.0,0.0,0.0,0.0,0.0,0.0,0.0,0.0,0.52
2023-05-15 03:00:00,8.675,0.0,0.0,0.0,0.0,0.0,0.0,0.0,0.0,0.0,0.53
2023-05-15 04:00:00,8.679,0.0,0.0,0.0,0.0,0.0,0.0,0.0,0.0,0.0,0.53
2023-05-15 05:00:00,8.675,0.0,0.0,0.0,0.0,0.0,0.0,0.0,0.0,0.0,0.5
2023-05-15 06:00:00,8.67,0.0,0.0,0.0,0.0,0.0,0.0,0.0,0.0,0.0,0.46
2023-05-15 07:00:00,8.672,0.0,0.0,0.0,0.0,0.0,0.0,0.0,0.0,0.0,0.43
2023-05-15 08:00:00,8.663,0.0,0.0,0.0,0.0,0.0,0.0,0.0,0.0,0.0,0.42
2023-05-15 09:00:00,8.671,0.0,0.0,0.0,0.0,0.0,0.0,0.0,0.0,0.0,0.45
2023-05-15 10:00:00,8.668,0.0,0.0,0.0,0.0,0.0,0.0,0.0,0.0,0.0,0.47
2023-05-15 11:00:00,8.663,0.0,0.0,0.0,0.0,0.0,0.0,0.0,0.0,0.0,0.47
2023-05-15 12:00:00,8.657,0.0,0.0,0.0,0.0,0.0,0.0,0.0,0.0,0.0,0.48
2023-05-15 13:00:00,8.662,0.0,0.0,0.0,0.0,0.0,0.0,0.0,0.0,0.0,0.5
2023-05-15 14:00:00,8.664,0.0,0.0,0.0,0.0,0.0,0.0,0.0,0.0,0.0,0.52
2023-05-15 15:00:00,8.658,0.0,0.0,0.0,0.0,0.0,0.0,0.0,0.0,0.0,0.52
2023-05-15 16:00:00,8.66,0.0,0.0,0.0,0.0,0.0,0.0,0.0,0.0,0.0,0.48
2023-05-15 17:00:00,8.662,0.0,0.0,0.0,0.0,0.0,0.0,0.0,0.0,0.0,0.45
2023-05-15 18:00:00,8.826,0.0,0.0,0.0,0.0,0.0,0.0,0.0,0.0,0.0,0.43
2023-05-15 19:00:00,8.833,0.0,0.0,0.0,0.0,0.0,0.0,0.0,0.0,0.0,0.43
2023-05-15 20:00:00,8.835,0.0,0.0,0.0,0.0,0.0,0.0,0.0,0.0,0.0,0.44
2023-05-15 21:00:00,8.813,0.0,0.0,0.0,0.0,0.0,0.0,0.0,0.0,0.0,0.45
2023-05-15 22:00:00,8.83,0.0,0.0,0.0,0.0,0.0,0.0,0.0,0.0,0.0,0.48
2023-05-15 23:00:00,8.829,0.0,0.0,0.0,0.0,0.0,0.0,0.0,0.0,0.0,0.51
2023-05-16 00:00:00,8.829,0.0,0.0,0.0,0.0,0.0,0.0,0.0,0.0,0.0,0.52
2023-05-16 01:00:00,8.669,0.0,0.0,0.0,0.0,0.0,0.0,0.0,0.0,0.0,0.52
2023-05-16 02:00:00,8.671,0.0,0.0,0.0,0.0,0.0,0.0,0.0,0.0,0.0,0.53
2023-05-16 03:00:00,8.67,0.0,0.0,0.0,0.0,0.0,0.0,0.0,0.0,0.0,0.49
2023-05-16 04:00:00,8.669,0.0,0.0,0.0,0.0,0.0,0.0,0.0,0.0,0.0,0.46
2023-05-16 05:00:00,8.67,0.0,0.0,0.0,0.0,0.0,0.0,0.0,0.0,0.0,0.43
2023-05-16 06:00:00,8.67,0.0,0.0,0.0,0.0,0.0,0.0,0.0,0.0,0.0,0.42
2023-05-16 07:00:00,8.669,0.0,0.0,0.0,0.0,0.0,0.0,0.0,0.0,0.0,0.44
2023-05-16 08:00:00,8.665,0.0,0.0,0.0,0.0,0.0,0.0,0.0,0.0,0.0,0.46
2023-05-16 09:00:00,8.665,0.0,0.0,0.0,0.0,0.0,0.0,0.0,0.0,0.0,0.44
2023-05-16 10:00:00,8.665,0.0,0.0,0.0,0.0,0.0,0.0,0.0,0.0,0.0,0.44
2023-05-16 11:00:00,8.672,0.0,0.0,0.0,0.0,0.0,0.0,0.0,0.0,0.0,0.46
2023-05-16 12:00:00,8.656,0.0,0.0,0.0,0.0,0.0,0.0,0.0,0.0,0.0,0.5
2023-05-16 13:00:00,8.794,0.0,0.0,0.0,0.0,0.0,0.0,0.0,0.0,0.0,0.52
2023-05-16 14:00:00,8.841,0.0,0.0,0.0,0.0,0.0,0.0,0.0,0.0,0.0,0.53
2023-05-16 15:00:00,8.836,0.0,0.0,0.0,0.0,0.0,0.0,0.0,0.0,0.0,0.51
2023-05-16 16:00:00,8.836,0.0,0.0,0.0,0.0,0.0,0.0,0.0,0.0,0.0,0.46
2023-05-16 17:00:00,8.832,0.0,0.0,0.0,0.0,0.0,0.0,0.0,0.0,0.0,0.43
2023-05-16 18:00:00,8.827,0.0,0.0,0.0,0.0,0.0,0.0,0.0,0.0,0.0,0.42
2023-05-16 19:00:00,8.827,0.0,0.0,0.0,0.0,0.0,0.0,0.0,0.0,0.0,0.42
2023-05-16 20:00:00,8.671,0.0,0.0,0.0,0.0,0.0,0.0,0.0,0.0,0.0,0.46
2023-05-16 21:00:00,8.66,0.0,0.0,0.0,0.0,0.0,0.0,0.0,0.0,0.0,0.48
2023-05-16 22:00:00,8.658,0.0,0.0,0.0,0.0,0.0,0.0,0.0,0.0,0.0,0.51
2023-05-16 23:00:00,8.659,0.0,0.0,0.0,0.0,0.0,0.0,0.0,0.0,0.0,0.52
2023-05-17 00:00:00,8.654,0.0,0.0,0.0,0.0,0.0,0.0,0.0,0.0,0.0,0.53
2023-05-17 01:00:00,8.656,0.0,0.0,0.0,0.0,0.0,0.0,0.0,0.0,0.0,0.53
2023-05-17 02:00:00,8.658,0.0,0.0,0.0,0.0,0.0,0.0,0.0,0.0,0.0,0.48
2023-05-17 03:00:00,8.659,0.0,0.0,0.0,0.0,0.0,0.0,0.0,0.0,0.0,0.44
2023-05-17 04:00:00,8.663,0.0,0.0,0.0,0.0,0.0,0.0,0.0,0.0,0.0,0.43
2023-05-17 05:00:00,8.668,0.0,0.0,0.0,0.0,0.0,0.0,0.0,0.0,0.0,0.41
2023-05-17 06:00:00,8.673,0.0,0.0,0.0,0.0,0.0,0.0,0.0,0.0,0.0,0.39
2023-05-17 07:00:00,8.674,0.0,0.0,0.0,0.0,0.0,0.0,0.0,0.0,0.0,0.4
2023-05-17 08:00:00,8.669,0.0,0.0,0.0,0.0,0.0,0.0,0.0,0.0,0.0,0.42
2023-05-17 09:00:00,8.666,0.0,0.0,0.0,0.0,0.0,0.0,0.0,0.0,0.0,0.44
2023-05-17 10:00:00,8.667,0.0,0.0,0.0,0.0,0.0,0.0,0.0,0.0,0.0,0.44
2023-05-17 11:00:00,8.666,0.0,0.0,0.0,0.0,0.0,0.0,0.0,0.0,0.0,0.5
2023-05-17 12:00:00,8.662,0.0,0.0,0.0,0.0,0.0,0.0,0.0,0.0,0.0,0.51
2023-05-17 13:00:00,8.665,0.0,0.0,0.0,0.0,0.0,0.0,0.0,0.0,0.0,0.49
2023-05-17 14:00:00,8.665,0.0,0.0,0.0,0.0,0.0,0.0,0.0,0.0,0.0,0.47
2023-05-17 15:00:00,8.655,0.0,0.0,0.0,0.0,0.0,0.0,0.0,0.0,0.0,0.43
2023-05-17 16:00:00,8.659,0.0,0.0,0.0,0.0,0.0,0.0,0.0,0.0,0.0,0.42
2023-05-17 17:00:00,8.659,0.0,0.0,0.0,0.0,0.0,0.0,0.0,0.0,0.0,0.41
2023-05-17 18:00:00,8.655,0.0,0.0,0.0,0.0,0.0,0.0,0.0,0.0,0.0,0.4
2023-05-17 19:00:00,8.654,0.0,0.0,0.0,0.0,0.0,0.0,0.0,0.0,0.0,0.44
2023-05-17 20:00:00,8.723,0.0,0.0,0.0,0.0,0.0,0.0,0.0,0.0,0.0,0.48
2023-05-17 21:00:00,8.822,0.0,0.0,0.0,0.0,0.0,0.0,0.0,0.0,0.0,0.51
2023-05-17 22:00:00,8.82,0.0,0.0,0.0,0.0,0.0,0.0,0.0,0.0,0.0,0.51
2023-05-17 23:00:00,8.824,0.0,0.0,0.0,0.0,0.0,0.0,0.0,0.0,0.0,0.49
2023-05-18 00:00:00,8.829,0.0,0.0,0.0,0.0,0.0,0.0,0.0,0.0,0.0,0.48
2023-05-18 01:00:00,8.728,0.0,0.0,0.0,0.0,0.0,0.0,0.0,0.0,0.0,0.48
2023-05-18 02:00:00,8.665,0.0,0.0,0.0,0.0,0.0,0.0,0.0,0.0,0.0,0.5
2023-05-18 03:00:00,8.665,0.0,0.0,0.0,0.0,0.0,0.0,0.0,0.0,0.0,0.51
2023-05-18 04:00:00,8.665,0.0,0.0,0.0,0.0,0.0,0.0,0.0,0.0,0.0,0.52
2023-05-18 05:00:00,8.661,0.0,0.0,0.0,0.0,0.0,0.0,0.0,0.0,0.0,0.52
2023-05-18 06:00:00,8.663,0.0,0.0,0.0,0.0,0.0,0.0,0.0,0.0,0.0,0.52
2023-05-18 07:00:00,8.663,0.0,0.0,0.0,0.0,0.0,0.0,0.0,0.0,0.0,0.48
2023-05-18 08:00:00,8.661,0.0,0.0,0.0,0.0,0.0,0.0,0.0,0.0,0.0,0.4
2023-05-18 09:00:00,8.663,0.0,0.0,0.0,0.0,0.0,0.0,0.0,0.0,0.0,0.35
2023-05-18 10:00:00,8.66,0.0,0.0,0.0,0.0,0.0,0.0,0.0,1.0,0.0,0.34
2023-05-18 11:00:00,8.661,0.0,0.0,0.0,0.0,0.0,0.0,0.0,0.0,0.5,0.34
2023-05-18 12:00:00,8.662,0.0,1.0,0.0,0.0,0.0,0.0,0.0,1.0,0.5,0.35
2023-05-18 13:00:00,8.662,0.0,0.0,0.0,0.0,0.0,0.0,0.0,0.0,1.0,0.4
2023-05-18 14:00:00,8.659,0.0,0.0,0.0,0.0,0.0,0.0,0.0,0.0,0.0,0.45
2023-05-18 15:00:00,8.659,0.0,0.0,0.0,0.0,0.0,0.0,1.0,1.0,0.5,0.47
2023-05-18 16:00:00,8.662,0.0,1.0,1.0,0.5,0.0,0.0,1.0,1.0,0.5,0.45
2023-05-18 17:00:00,8.662,0.0,1.0,0.0,0.0,0.0,0.0,1.0,0.0,1.0,0.43
2023-05-18 18:00:00,8.655,0.0,0.0,0.0,0.0,0.0,0.0,0.0,1.0,0.0,0.42
2023-05-18 19:00:00,8.655,0.0,0.0,0.0,0.0,0.0,0.0,0.0,0.0,0.5,0.41
2023-05-18 20:00:00,8.78,0.0,0.0,0.0,0.5,1.0,1.0,1.0,0.0,0.0,0.4
2023-05-18 21:00:00,8.835,0.0,0.0,0.0,0.0,0.0,0.0,0.0,0.0,0.0,0.4
2023-05-18 22:00:00,8.832,0.0,0.0,0.0,0.0,0.0,0.0,0.0,0.0,0.5,0.46
2023-05-18 23:00:00,8.839,0.0,0.0,0.0,0.0,0.0,0.0,0.0,0.0,0.0,0.49
2023-05-19 00:00:00,8.835,0.0,1.0,0.0,0.0,0.0,0.0,0.0,0.0,0.0,0.51
2023-05-19 01:00:00,8.756,0.0,0.0,0.0,0.0,0.0,0.0,0.0,0.0,0.0,0.51
2023-05-19 02:00:00,8.681,0.0,0.0,0.0,0.0,0.0,0.0,0.0,0.0,0.0,0.51
2023-05-19 03:00:00,8.688,0.0,0.0,0.0,0.0,0.0,0.0,0.0,0.0,0.0,0.47
2023-05-19 04:00:00,8.691,0.0,0.0,0.0,0.0,0.0,0.0,0.0,0.0,0.0,0.44
2023-05-19 05:00:00,8.685,0.0,0.0,0.0,0.0,0.0,0.0,0.0,0.0,0.0,0.43
2023-05-19 06:00:00,8.671,0.0,0.0,0.0,0.0,0.0,0.0,0.0,0.0,0.0,0.45
2023-05-19 07:00:00,8.663,0.0,0.0,0.0,0.0,0.0,0.0,0.0,0.0,0.0,0.45
2023-05-19 08:00:00,8.654,0.0,0.0,0.0,0.0,0.0,0.0,0.0,0.0,0.0,0.45
2023-05-19 09:00:00,8.661,0.0,0.0,0.0,0.0,0.0,0.0,0.0,0.0,0.0,0.48
2023-05-19 10:00:00,8.661,0.0,0.0,0.0,0.0,0.0,0.0,0.0,0.0,0.0,0.5
2023-05-19 11:00:00,8.661,0.0,0.0,0.0,0.0,0.0,0.0,0.0,0.0,0.0,0.52
2023-05-19 12:00:00,8.657,0.0,0.0,0.0,0.0,0.0,0.0,0.0,0.0,0.0,0.53
2023-05-19 13:00:00,8.66,0.0,0.0,0.0,0.0,0.0,0.0,0.0,0.0,0.0,0.53
2023-05-19 14:00:00,8.786,0.0,0.0,0.0,0.0,0.0,0.0,0.0,0.0,0.0,0.53
2023-05-19 15:00:00,8.853,0.0,0.0,0.0,0.0,0.0,0.0,0.0,0.0,0.0,0.52
2023-05-19 16:00:00,8.848,0.0,0.0,0.0,0.0,0.0,0.0,0.0,0.0,0.0,0.48
2023-05-19 17:00:00,8.852,0.0,0.0,0.0,0.0,0.0,0.0,0.0,0.0,0.0,0.44
2023-05-19 18:00:00,8.839,0.0,0.0,0.0,0.0,0.0,0.0,0.0,0.0,0.0,0.44
2023-05-19 19:00:00,8.844,0.0,0.0,0.0,0.0,0.0,0.0,0.0,0.0,0.0,0.47
2023-05-19 20:00:00,8.829,0.0,0.0,0.0,0.0,0.0,0.0,0.0,0.0,0.0,0.49
2023-05-19 21:00:00,8.706,0.0,0.0,0.0,0.0,0.0,0.0,0.0,0.0,0.0,0.51
2023-05-19 22:00:00,8.659,0.0,0.0,0.0,0.0,0.0,0.0,0.0,0.0,0.0,0.52
2023-05-19 23:00:00,8.664,0.0,0.0,0.0,0.0,0.0,0.0,0.0,0.0,0.0,0.53
2023-05-20 00:00:00,8.661,0.0,0.0,0.0,0.0,0.0,0.0,0.0,0.0,0.0,0.51
2023-05-20 01:00:00,8.66,0.0,0.0,0.0,0.0,0.0,0.0,0.0,0.0,0.0,0.49
2023-05-20 02:00:00,8.662,0.0,0.0,0.0,0.0,0.0,0.0,0.0,0.0,0.0,0.46
2023-05-20 03:00:00,8.665,0.0,0.0,0.0,0.0,0.0,0.0,0.0,0.0,0.0,0.45
2023-05-20 04:00:00,8.668,0.0,0.0,0.0,0.0,0.0,0.0,0.0,0.0,0.0,0.46
2023-05-20 05:00:00,8.675,0.0,0.0,0.0,0.0,0.0,0.0,0.0,0.0,0.0,0.49
2023-05-20 06:00:00,8.672,0.0,0.0,0.0,0.0,0.0,0.0,0.0,0.0,0.0,0.5
2023-05-20 07:00:00,8.667,0.0,0.0,0.0,0.0,0.0,0.0,0.0,0.0,0.0,0.48
2023-05-20 08:00:00,8.667,0.0,0.0,0.0,0.0,0.0,0.0,0.0,0.0,0.0,0.46
2023-05-20 09:00:00,8.671,0.0,0.0,0.0,0.0,0.0,0.0,0.0,0.0,0.0,0.45
2023-05-20 10:00:00,8.663,0.0,0.0,0.0,0.0,0.0,0.0,0.0,0.0,0.0,0.48
2023-05-20 11:00:00,8.663,0.0,0.0,0.0,0.0,0.0,0.0,0.0,0.0,0.0,0.5
2023-05-20 12:00:00,8.66,0.0,0.0,0.0,0.0,0.0,0.0,0.0,0.0,0.0,0.52
2023-05-20 13:00:00,8.662,0.0,0.0,0.0,0.0,0.0,0.0,0.0,0.0,0.0,0.53
2023-05-20 14:00:00,8.659,0.0,0.0,0.0,0.0,0.0,0.0,0.0,0.0,0.0,0.52
2023-05-20 15:00:00,8.656,0.0,0.0,0.0,0.0,0.0,0.0,0.0,0.0,0.0,0.48
2023-05-20 16:00:00,8.652,0.0,0.0,0.0,0.0,0.0,0.0,0.0,0.0,0.0,0.45
2023-05-20 17:00:00,8.652,0.0,0.0,0.0,0.0,0.0,0.0,0.0,0.0,0.0,0.44
2023-05-20 18:00:00,8.651,0.0,0.0,0.0,0.0,0.0,0.0,0.0,0.0,0.0,0.43
2023-05-20 19:00:00,8.651,0.0,0.0,0.0,0.0,0.0,0.0,0.0,0.0,0.0,0.47
2023-05-20 20:00:00,8.656,0.0,0.0,0.0,0.0,0.0,0.0,0.0,0.0,0.0,0.47
2023-05-20 21:00:00,8.726,0.0,0.0,0.0,0.0,0.0,0.0,0.0,0.0,0.0,0.47
2023-05-20 22:00:00,9.01,0.0,0.0,0.0,0.0,0.0,0.0,0.0,0.0,0.0,0.5
2023-05-20 23:00:00,9.008,0.0,0.0,0.0,0.0,0.0,0.0,0.0,0.0,0.0,0.51
2023-05-21 00:00:00,8.982,0.0,0.0,0.0,0.0,0.0,0.0,0.0,0.0,0.0,0.52
2023-05-21 01:00:00,8.748,0.0,0.0,0.0,0.0,0.0,0.0,0.0,0.0,0.0,0.53
2023-05-21 02:00:00,8.66,0.0,0.0,0.0,0.0,0.0,0.0,0.0,0.0,0.0,0.53
2023-05-21 03:00:00,8.664,0.0,0.0,0.0,0.0,0.0,0.0,0.0,0.0,0.0,0.51
2023-05-21 04:00:00,8.66,0.0,0.0,0.0,0.0,0.0,0.0,0.0,0.0,0.0,0.47
2023-05-21 05:00:00,8.661,0.0,0.0,0.0,0.0,0.0,0.0,0.0,0.0,0.0,0.44
2023-05-21 06:00:00,8.66,0.0,0.0,0.0,0.0,0.0,0.0,0.0,0.0,0.0,0.43
2023-05-21 07:00:00,8.665,0.0,0.0,0.0,0.0,0.0,0.0,0.0,0.0,0.0,0.44
2023-05-21 08:00:00,8.665,0.0,0.0,0.0,0.0,0.0,0.0,0.0,0.0,0.0,0.49
2023-05-21 09:00:00,8.661,0.0,0.0,0.0,0.0,0.0,0.0,0.0,0.0,0.0,0.5
2023-05-21 10:00:00,8.658,0.0,0.0,0.0,0.0,0.0,0.0,0.0,0.0,0.0,0.52
2023-05-21 11:00:00,8.659,0.0,0.0,0.0,0.0,0.0,0.0,0.0,0.0,0.0,0.52
2023-05-21 12:00:00,8.662,0.0,0.0,0.0,0.0,0.0,0.0,0.0,0.0,0.0,0.47
2023-05-21 13:00:00,8.66,0.0,0.0,0.0,0.0,0.0,0.0,0.0,0.0,0.0,0.46
2023-05-21 14:00:00,8.658,0.0,0.0,0.0,0.0,0.0,0.0,0.0,0.0,0.0,0.44
2023-05-21 15:00:00,8.656,0.0,0.0,0.0,0.0,0.0,0.0,0.0,0.0,0.0,0.43
2023-05-21 16:00:00,8.652,0.0,0.0,0.0,0.0,0.0,0.0,0.0,0.0,0.0,0.47
2023-05-21 17:00:00,8.656,0.0,0.0,0.0,0.0,0.0,0.0,0.0,0.0,0.0,0.48
2023-05-21 18:00:00,8.659,0.0,0.0,0.0,0.0,0.0,0.0,0.0,0.0,0.0,0.46
2023-05-21 19:00:00,8.658,0.0,0.0,0.0,0.0,0.0,0.0,0.0,0.0,0.0,0.44
2023-05-21 20:00:00,8.66,0.0,0.0,0.0,0.0,0.0,0.0,0.0,0.0,0.0,0.42
2023-05-21 21:00:00,8.658,0.0,0.0,0.0,0.0,0.0,0.0,0.0,0.0,0.0,0.43
2023-05-21 22:00:00,8.689,0.0,0.0,0.0,0.0,0.0,0.0,0.0,0.0,0.0,0.47
2023-05-21 23:00:00,8.904,0.0,0.0,0.0,0.0,0.0,0.0,0.0,0.0,0.0,0.5
2023-05-22 00:00:00,9.004,0.0,0.0,0.0,0.0,0.0,0.0,0.0,0.0,0.0,0.51
2023-05-22 01:00:00,9.005,0.0,0.0,0.0,0.0,0.0,0.0,0.0,0.0,0.0,0.51
2023-05-22 02:00:00,9.014,0.0,0.0,0.0,0.0,0.0,0.0,0.0,0.0,0.0,0.5
2023-05-22 03:00:00,9.012,0.0,0.0,0.0,0.0,0.0,0.0,0.0,0.0,0.0,0.45
2023-05-22 04:00:00,8.724,0.0,0.0,0.0,0.0,0.0,0.0,0.0,0.0,0.0,0.44
2023-05-22 05:00:00,8.669,0.0,0.0,0.0,0.0,0.0,0.0,0.0,0.0,0.0,0.42
2023-05-22 06:00:00,8.671,0.0,0.0,0.0,0.0,0.0,0.0,0.0,0.0,0.0,0.41
2023-05-22 07:00:00,8.67,0.0,0.0,0.0,0.0,0.0,0.0,0.0,0.0,0.0,0.4
2023-05-22 08:00:00,8.671,0.0,0.0,0.0,0.0,0.0,0.0,0.0,1.0,0.0,0.39
2023-05-22 09:00:00,8.672,0.0,0.0,0.0,0.0,0.0,0.0,0.0,0.0,0.5,0.39
2023-05-22 10:00:00,8.671,0.0,0.0,1.0,0.0,0.0,0.0,0.0,0.0,0.0,0.4
2023-05-22 11:00:00,8.669,0.0,0.0,0.0,0.0,0.0,0.0,0.0,0.0,0.0,0.46
2023-05-22 12:00:00,8.669,0.0,0.0,0.0,0.0,0.0,0.0,0.0,0.0,0.0,0.5
2023-05-22 13:00:00,8.667,0.0,0.0,0.0,0.0,0.0,0.0,0.0,0.0,0.0,0.51
2023-05-22 14:00:00,8.666,0.0,0.0,0.0,0.0,0.0,0.0,0.0,0.0,0.0,0.5
2023-05-22 15:00:00,8.667,0.0,0.0,0.0,0.0,0.0,0.0,0.0,0.0,0.0,0.47
2023-05-22 16:00:00,8.668,0.0,0.0,0.0,0.0,0.0,0.0,0.0,0.0,0.0,0.44
2023-05-22 17:00:00,8.663,0.0,0.0,0.0,0.0,0.0,0.0,0.0,0.0,0.0,0.42
2023-05-22 18:00:00,8.668,0.0,0.0,0.0,0.0,0.0,0.0,0.0,0.0,0.0,0.41
2023-05-22 19:00:00,8.66,0.0,0.0,0.0,0.0,0.0,0.0,0.0,0.0,0.0,0.4
2023-05-22 20:00:00,8.664,0.0,0.0,0.0,0.0,0.0,0.0,0.0,0.0,0.0,0.4
2023-05-22 21:00:00,8.665,0.0,0.0,0.0,0.0,0.0,0.0,0.0,0.0,0.0,0.39
2023-05-22 22:00:00,8.664,0.0,0.0,0.0,0.0,0.0,0.0,0.0,0.0,0.0,0.41
2023-05-22 23:00:00,8.663,0.0,0.0,0.0,0.0,0.0,0.0,0.0,0.0,0.0,0.47
2023-05-23 00:00:00,8.664,0.0,0.0,0.0,0.0,0.0,0.0,0.0,0.0,0.0,0.5
2023-05-23 01:00:00,8.666,0.0,0.0,0.0,0.0,0.0,1.0,2.0,0.0,0.0,0.51
2023-05-23 02:00:00,8.672,0.0,0.0,0.0,0.0,0.0,0.0,0.0,0.0,0.0,0.5
2023-05-23 03:00:00,8.667,0.0,0.0,0.0,0.0,0.0,0.0,0.0,0.0,0.0,0.47
2023-05-23 04:00:00,8.669,0.0,0.0,0.0,0.0,0.0,0.0,0.0,0.0,0.0,0.45
2023-05-23 05:00:00,8.667,0.0,0.0,0.0,0.0,0.0,0.0,0.0,0.0,0.0,0.43
2023-05-23 06:00:00,8.668,0.0,0.0,0.0,0.0,0.0,0.0,0.0,0.0,0.0,0.42
2023-05-23 07:00:00,8.664,0.0,0.0,0.0,0.0,0.0,0.0,0.0,0.0,0.0,0.41
2023-05-23 08:00:00,8.667,0.0,0.0,0.0,0.0,0.0,0.0,0.0,0.0,0.0,0.4
2023-05-23 09:00:00,8.666,0.0,0.0,0.0,0.0,0.0,0.0,0.0,0.0,0.0,0.4
2023-05-23 10:00:00,8.662,0.0,0.0,0.0,0.0,0.0,0.0,0.0,0.0,0.0,0.4
2023-05-23 11:00:00,8.66,0.0,0.0,0.0,0.0,0.0,0.0,0.0,0.0,0.0,0.4
2023-05-23 12:00:00,8.663,0.0,0.0,0.0,0.0,0.0,0.0,0.0,0.0,0.0,0.4
2023-05-23 13:00:00,8.663,0.0,0.0,0.0,0.0,0.0,0.0,0.0,0.0,0.0,0.43
2023-05-23 14:00:00,8.657,0.0,0.0,0.0,0.0,0.0,0.0,0.0,0.0,0.0,0.43
2023-05-23 15:00:00,8.652,0.0,0.0,0.0,0.0,0.0,0.0,0.0,0.0,0.0,0.44
2023-05-23 16:00:00,8.72,0.0,0.0,0.0,0.0,0.0,0.0,0.0,0.0,0.0,0.45
2023-05-23 17:00:00,8.772,0.0,0.0,0.0,0.0,0.0,0.0,0.0,0.0,0.0,0.47
2023-05-23 18:00:00,8.781,0.0,0.0,0.0,0.0,0.0,0.0,0.0,0.0,0.0,0.51
2023-05-23 19:00:00,8.773,0.0,0.0,0.0,0.0,0.0,0.0,0.0,0.0,0.0,0.5
2023-05-23 20:00:00,8.758,0.0,0.0,0.0,0.0,0.0,0.0,0.0,0.0,0.0,0.47
2023-05-23 21:00:00,8.762,0.0,0.0,0.0,0.0,0.0,0.0,0.0,0.0,0.0,0.45
2023-05-23 22:00:00,8.772,0.0,0.0,0.0,0.0,0.0,0.0,0.0,0.0,0.0,0.44
2023-05-23 23:00:00,8.778,0.0,0.0,0.0,0.0,0.0,0.0,0.0,0.0,0.0,0.47
2023-05-24 00:00:00,8.772,0.0,0.0,0.0,0.0,0.0,0.0,0.0,0.0,0.0,0.48
2023-05-24 01:00:00,8.783,0.0,0.0,0.0,0.0,0.0,0.0,0.0,0.0,0.0,0.47
2023-05-24 02:00:00,8.772,0.0,0.0,0.0,0.0,0.0,0.0,0.0,0.0,0.0,0.45
2023-05-24 03:00:00,8.792,0.0,0.0,0.0,0.0,0.0,0.0,0.0,0.0,0.0,0.43
2023-05-24 04:00:00,8.772,0.0,0.0,0.0,0.0,0.0,0.0,0.0,0.0,0.0,0.41
2023-05-24 05:00:00,8.779,0.0,0.0,0.0,0.0,0.0,0.0,0.0,0.0,0.0,0.4
2023-05-24 06:00:00,8.789,0.0,0.0,0.0,0.0,0.0,0.0,0.0,0.0,0.0,0.4
2023-05-24 07:00:00,8.795,0.0,0.0,0.0,0.0,0.0,0.0,0.0,0.0,0.0,0.4
2023-05-24 08:00:00,8.819,0.0,0.0,0.0,0.0,0.0,0.0,0.0,0.0,0.0,0.39
2023-05-24 09:00:00,8.741,0.0,0.0,0.0,0.0,0.0,0.0,0.0,0.0,0.0,0.39
2023-05-24 10:00:00,8.698,0.0,0.0,0.0,0.0,0.0,0.0,0.0,0.0,0.0,0.4
2023-05-24 11:00:00,8.651,0.0,0.0,0.0,0.0,0.0,0.0,0.0,0.0,0.0,0.45
2023-05-24 12:00:00,8.652,0.0,0.0,0.0,0.0,0.0,0.0,0.0,0.0,0.0,0.49
2023-05-24 13:00:00,8.651,0.0,0.0,0.0,0.0,0.0,0.0,0.0,0.0,0.0,0.5
2023-05-24 14:00:00,8.652,0.0,0.0,0.0,0.0,0.0,0.0,0.0,0.0,0.0,0.49
2023-05-24 15:00:00,8.653,0.0,0.0,0.0,0.0,0.0,0.0,0.0,0.0,0.0,0.45
2023-05-24 16:00:00,8.651,0.0,0.0,0.0,0.0,0.0,0.0,0.0,0.0,0.0,0.43
2023-05-24 17:00:00,8.65,0.0,0.0,0.0,0.0,0.0,0.0,0.0,0.0,0.0,0.43
2023-05-24 18:00:00,8.65,0.0,0.0,0.0,0.0,0.0,0.0,0.0,0.0,0.0,0.41
2023-05-24 19:00:00,8.65,0.0,0.0,0.0,0.0,0.0,0.0,0.0,0.0,0.0,0.41
2023-05-24 20:00:00,8.649,0.0,0.0,0.0,0.0,0.0,0.0,0.0,0.0,0.0,0.4
2023-05-24 21:00:00,8.649,0.0,0.0,0.0,0.0,0.0,0.0,0.0,0.0,0.0,0.42
2023-05-24 22:00:00,8.649,0.0,0.0,0.0,0.0,0.0,0.0,0.0,0.0,0.0,0.47
2023-05-24 23:00:00,8.656,0.0,0.0,0.0,0.0,0.0,0.0,0.0,0.0,0.0,0.49
2023-05-25 00:00:00,8.65,0.0,0.0,0.0,0.0,0.0,0.0,0.0,0.0,0.0,0.49
2023-05-25 01:00:00,8.651,0.0,0.0,0.0,0.0,0.0,0.0,0.0,0.0,0.0,0.48
2023-05-25 02:00:00,8.655,0.0,0.0,0.0,0.0,0.0,0.0,0.0,0.0,0.0,0.45
2023-05-25 03:00:00,8.651,0.0,0.0,0.0,0.0,0.0,0.0,0.0,0.0,0.0,0.43
2023-05-25 04:00:00,8.65,0.0,0.0,0.0,0.0,0.0,0.0,0.0,0.0,0.0,0.42
2023-05-25 05:00:00,8.653,0.0,0.0,0.0,0.0,0.0,0.0,0.0,0.0,0.0,0.41
2023-05-25 06:00:00,8.654,0.0,0.0,0.0,0.0,0.0,0.0,0.0,0.0,0.0,0.4
2023-05-25 07:00:00,8.654,0.0,0.0,0.0,0.0,0.0,0.0,0.0,0.0,0.0,0.4
2023-05-25 08:00:00,8.653,0.0,0.0,0.0,0.0,0.0,0.0,0.0,0.0,0.0,0.4
2023-05-25 09:00:00,8.654,0.0,0.0,0.0,0.0,0.0,0.0,0.0,0.0,0.0,0.4
2023-05-25 10:00:00,8.656,0.0,0.0,0.0,0.0,0.0,0.0,0.0,0.0,0.0,0.44
2023-05-25 11:00:00,8.659,0.0,0.0,0.0,0.0,0.0,0.0,0.0,0.0,0.0,0.47
2023-05-25 12:00:00,8.649,0.0,0.0,0.0,0.0,0.0,0.0,0.0,0.0,0.0,0.47
2023-05-25 13:00:00,8.65,0.0,0.0,0.0,0.0,0.0,0.0,0.0,0.0,0.0,0.44
2023-05-25 14:00:00,8.65,0.0,0.0,0.0,0.0,0.0,0.0,0.0,0.0,0.0,0.44
2023-05-25 15:00:00,8.648,0.0,0.0,0.0,0.0,0.0,0.0,0.0,0.0,0.0,0.42
2023-05-25 16:00:00,8.645,0.0,0.0,0.0,0.0,0.0,0.0,0.0,0.0,0.0,0.41
2023-05-25 17:00:00,8.71,0.0,0.0,0.0,0.0,0.0,0.0,0.0,0.0,0.0,0.42
2023-05-25 18:00:00,8.777,0.0,0.0,0.0,0.0,0.0,0.0,0.0,0.0,0.0,0.46
2023-05-25 19:00:00,8.763,0.0,0.0,0.0,0.0,0.0,0.0,0.0,0.0,0.0,0.49
2023-05-25 20:00:00,8.759,0.0,0.0,0.0,0.0,0.0,0.0,0.0,0.0,0.0,0.49
2023-05-25 21:00:00,8.763,0.0,0.0,0.0,0.0,0.0,0.0,0.0,0.0,0.0,0.46
2023-05-25 22:00:00,8.769,0.0,0.0,0.0,0.0,0.0,0.0,0.0,0.0,0.0,0.44
2023-05-25 23:00:00,8.902,0.0,0.0,0.0,0.0,0.0,0.0,0.0,0.0,0.0,0.42
2023-05-26 00:00:00,8.949,0.0,0.0,0.0,0.0,0.0,0.0,0.0,0.0,0.0,0.42
2023-05-26 01:00:00,8.773,0.0,0.0,0.0,0.0,0.0,0.0,0.0,0.0,0.0,0.42
2023-05-26 02:00:00,8.776,0.0,0.0,0.0,0.0,0.0,0.0,0.0,0.0,0.0,0.44
2023-05-26 03:00:00,8.776,0.0,0.0,0.0,0.0,0.0,0.0,0.0,0.0,0.0,0.47
2023-05-26 04:00:00,8.664,0.0,0.0,0.0,0.0,0.0,0.0,0.0,0.0,0.0,0.47
2023-05-26 05:00:00,8.664,0.0,0.0,0.0,0.0,0.0,0.0,0.0,0.0,0.0,0.45
2023-05-26 06:00:00,8.661,0.0,0.0,0.0,0.0,0.0,0.0,0.0,0.0,0.0,0.43
2023-05-26 07:00:00,8.659,0.0,0.0,0.0,0.0,0.0,0.0,0.0,0.0,0.0,0.42
2023-05-26 08:00:00,8.661,0.0,0.0,0.0,0.0,0.0,0.0,0.0,0.0,0.0,0.41
2023-05-26 09:00:00,8.659,0.0,0.0,0.0,0.0,0.0,0.0,0.0,0.0,0.0,0.41
2023-05-26 10:00:00,8.652,0.0,0.0,0.0,0.0,0.0,0.0,0.0,0.0,0.0,0.4
2023-05-26 11:00:00,8.659,0.0,0.0,0.0,0.0,0.0,0.0,0.0,0.0,0.0,0.4
2023-05-26 12:00:00,8.655,0.0,0.0,0.0,0.0,0.0,0.0,0.0,0.0,0.0,0.4
2023-05-26 13:00:00,8.654,0.0,0.0,0.0,0.0,0.0,0.0,0.0,0.0,0.0,0.43
2023-05-26 14:00:00,8.69,0.0,0.0,0.0,0.0,0.0,0.0,0.0,0.0,0.0,0.48
2023-05-26 15:00:00,8.826,0.0,0.0,0.0,0.0,0.0,0.0,0.0,0.0,0.0,0.48
2023-05-26 16:00:00,8.807,0.0,0.0,0.0,0.0,0.0,0.0,0.0,0.0,0.0,0.47
2023-05-26 17:00:00,8.798,0.0,0.0,0.0,0.0,0.0,0.0,0.0,0.0,0.0,0.44
2023-05-26 18:00:00,8.801,0.0,0.0,0.0,0.0,0.0,0.0,0.0,0.0,0.0,0.42
2023-05-26 19:00:00,8.796,0.0,0.0,0.0,0.0,0.0,0.0,0.0,0.0,0.0,0.42
2023-05-26 20:00:00,8.807,0.0,0.0,0.0,0.0,0.0,0.0,0.0,0.0,0.0,0.41
2023-05-26 21:00:00,8.792,0.0,0.0,0.0,0.0,0.0,0.0,0.0,0.0,0.0,0.46
2023-05-26 22:00:00,8.802,0.0,0.0,0.0,0.0,0.0,0.0,0.0,0.0,0.0,0.47
2023-05-26 23:00:00,8.803,0.0,0.0,0.0,0.0,0.0,0.0,0.0,0.0,0.0,0.46
2023-05-27 00:00:00,8.751,0.0,0.0,0.0,0.0,0.0,0.0,0.0,0.0,0.0,0.44
2023-05-27 01:00:00,8.654,0.0,0.0,0.0,0.0,0.0,0.0,0.0,0.0,0.0,0.43
2023-05-27 02:00:00,8.654,0.0,0.0,0.0,0.0,0.0,0.0,0.0,0.0,0.0,0.42
2023-05-27 03:00:00,8.655,0.0,0.0,0.0,0.0,0.0,0.0,0.0,0.0,0.0,0.41
2023-05-27 04:00:00,8.658,0.0,0.0,0.0,0.0,0.0,0.0,0.0,0.0,0.0,0.4
2023-05-27 05:00:00,8.652,0.0,0.0,0.0,0.0,0.0,0.0,0.0,0.0,0.0,0.4
2023-05-27 06:00:00,8.648,0.0,0.0,0.0,0.0,0.0,0.0,0.0,0.0,0.0,0.39
2023-05-27 07:00:00,8.648,0.0,0.0,0.0,0.0,0.0,0.0,0.0,0.0,0.0,0.39
2023-05-27 08:00:00,8.648,0.0,0.0,0.0,0.0,0.0,0.0,0.0,0.0,0.0,0.39
2023-05-27 09:00:00,8.712,0.0,0.0,0.0,0.0,0.0,0.0,0.0,0.0,0.0,0.39
2023-05-27 10:00:00,8.823,0.0,0.0,0.0,0.0,0.0,0.0,0.0,0.0,0.0,0.4
2023-05-27 11:00:00,8.824,0.0,0.0,0.0,0.0,0.0,0.0,0.0,0.0,0.0,0.44
2023-05-27 12:00:00,8.828,0.0,0.0,0.0,0.0,0.0,0.0,0.0,0.0,0.0,0.45
2023-05-27 13:00:00,8.833,0.0,0.0,0.0,0.0,0.0,0.0,0.0,0.0,0.0,0.45
2023-05-27 14:00:00,8.829,0.0,0.0,0.0,0.0,0.0,0.0,0.0,0.0,0.0,0.44
2023-05-27 15:00:00,8.835,0.0,0.0,0.0,0.0,0.0,0.0,0.0,0.0,0.0,0.43
2023-05-27 16:00:00,8.828,0.0,0.0,0.0,0.0,0.0,0.0,0.0,0.0,0.0,0.43
2023-05-27 17:00:00,8.822,0.0,0.0,0.0,0.0,0.0,0.0,0.0,0.0,0.0,0.42
2023-05-27 18:00:00,8.715,0.0,0.0,0.0,0.0,0.0,0.0,0.0,0.0,0.0,0.44
2023-05-27 19:00:00,8.653,0.0,0.0,0.0,0.0,0.0,0.0,0.0,0.0,0.0,0.5
2023-05-27 20:00:00,8.653,0.0,0.0,0.0,0.0,0.0,0.0,0.0,0.0,0.0,0.5
2023-05-27 21:00:00,8.653,0.0,0.0,0.0,0.0,0.0,0.0,0.0,0.0,0.0,0.49
2023-05-27 22:00:00,8.65,0.0,0.0,0.0,0.0,0.0,0.0,0.0,0.0,0.0,0.46
2023-05-27 23:00:00,8.649,0.0,0.0,0.0,0.0,0.0,0.0,0.0,0.0,0.0,0.44
2023-05-28 00:00:00,8.646,0.0,0.0,0.0,0.0,0.0,0.0,0.0,0.0,0.0,0.43
2023-05-28 01:00:00,8.651,0.0,0.0,0.0,0.0,0.0,0.0,0.0,0.0,0.0,0.43
2023-05-28 02:00:00,8.655,0.0,0.0,0.0,0.0,0.0,0.0,0.0,0.0,0.0,0.45
2023-05-28 03:00:00,8.656,0.0,0.0,0.0,0.0,0.0,0.0,0.0,0.0,0.0,0.47
2023-05-28 04:00:00,8.652,0.0,0.0,0.0,0.5,2.0,0.0,0.0,1.0,0.0,0.47
2023-05-28 05:00:00,8.656,0.0,2.0,3.0,1.5,0.0,1.0,1.0,2.0,2.0,0.45
2023-05-28 06:00:00,8.659,0.0,2.0,2.0,2.5,2.0,3.0,3.0,3.0,3.5,0.43
2023-05-28 07:00:00,8.659,0.0,0.0,0.0,0.0,1.0,0.0,0.0,0.0,0.0,0.42
2023-05-28 08:00:00,8.661,0.0,0.0,0.0,0.0,0.0,0.0,0.0,0.0,0.0,0.41
2023-05-28 09:00:00,8.657,0.0,0.0,0.0,0.0,0.0,0.0,0.0,0.0,0.0,0.41
2023-05-28 10:00:00,8.654,0.0,0.0,0.0,0.0,0.0,0.0,0.0,0.0,0.5,0.41
2023-05-28 11:00:00,8.726,0.0,0.0,0.0,0.5,0.0,0.0,0.0,0.0,0.0,0.41
2023-05-28 12:00:00,8.807,0.0,0.0,0.0,0.0,0.0,1.0,0.0,1.0,0.5,0.41
2023-05-28 13:00:00,8.813,0.0,1.0,1.0,0.0,0.0,0.0,0.0,0.0,0.5,0.45
2023-05-28 14:00:00,8.801,0.0,0.0,0.0,0.0,0.0,0.0,0.0,1.0,0.5,0.49
2023-05-28 15:00:00,8.793,0.0,1.0,1.0,1.0,1.0,1.0,0.0,0.0,0.0,0.51
2023-05-28 16:00:00,8.809,0.0,0.0,0.0,0.5,0.0,0.0,0.0,0.0,0.5,0.49
2023-05-28 17:00:00,8.812,0.0,0.0,0.0,0.0,0.0,0.0,1.0,2.0,2.0,0.47
2023-05-28 18:00:00,8.808,0.0,0.0,0.0,0.0,0.0,0.0,0.0,0.0,0.0,0.44
2023-05-28 19:00:00,8.811,0.0,0.0,0.0,0.0,0.0,0.0,0.0,0.0,0.0,0.43
2023-05-28 20:00:00,8.812,0.0,2.0,2.0,1.0,1.0,1.0,0.0,0.0,0.5,0.42
2023-05-28 21:00:00,8.807,0.0,1.0,1.0,2.0,3.0,4.0,2.0,2.0,2.0,0.42
2023-05-28 22:00:00,8.8,0.0,1.0,1.0,0.5,0.0,0.0,0.0,0.0,0.5,0.44
2023-05-28 23:00:00,8.806,0.0,2.0,0.0,1.0,1.0,2.0,0.0,0.0,0.5,0.49
2023-05-29 00:00:00,8.813,0.0,3.0,5.0,3.5,4.0,4.0,4.0,3.0,2.5,0.52
2023-05-29 01:00:00,8.663,0.0,11.0,11.0,10.0,9.0,10.0,5.0,7.0,7.5,0.54
2023-05-29 02:00:00,8.631,0.0,6.0,6.0,8.5,8.0,10.0,9.0,5.0,6.5,0.54
2023-05-29 03:00:00,8.625,0.0,6.0,6.0,11.5,12.0,10.0,6.0,1.0,1.5,0.54
2023-05-29 04:00:00,8.634,0.0,15.0,15.0,12.5,10.0,11.0,14.0,14.0,14.0,0.52
2023-05-29 05:00:00,8.636,0.0,15.0,15.0,11.0,12.0,11.0,9.0,11.0,13.0,0.51
2023-05-29 06:00:00,8.639,0.0,10.0,10.0,7.5,8.0,8.0,7.0,8.0,10.5,0.59
2023-05-29 07:00:00,8.636,0.0,9.0,9.0,12.0,11.0,9.0,7.0,6.0,8.5,0.69
2023-05-29 08:00:00,8.633,0.0,13.0,13.0,17.5,18.0,14.0,9.0,11.0,11.0,0.82
2023-05-29 09:00:00,8.644,0.0,7.0,6.0,7.5,7.0,9.0,9.0,10.0,10.0,0.94
2023-05-29 10:00:00,8.644,0.0,6.0,6.0,2.5,3.0,3.0,2.0,6.0,6.0,1.05
2023-05-29 11:00:00,8.655,12.047,3.0,3.0,5.0,5.0,5.0,4.0,4.0,4.0,1.29
2023-05-29 12:00:00,8.664,58.718,4.0,4.0,2.5,2.0,3.0,3.0,3.0,3.0,1.68
2023-05-29 13:00:00,8.697,57.976,1.0,1.0,2.0,1.0,2.0,2.0,3.0,3.5,2.01
2023-05-29 14:00:00,8.712,56.491,1.0,1.0,1.0,2.0,1.0,1.0,0.0,1.0,2.1
2023-05-29 15:00:00,8.73,54.154,1.0,1.0,5.0,4.0,3.0,1.0,2.0,1.5,2.3
2023-05-29 16:00:00,8.749,27.474,5.0,5.0,4.5,4.0,5.0,6.0,6.0,6.5,2.37
2023-05-29 17:00:00,8.742,27.474,1.0,1.0,1.0,1.0,1.0,3.0,5.0,4.0,2.35
2023-05-29 18:00:00,8.749,28.642,1.0,1.0,0.0,0.0,0.0,0.0,1.0,0.5,2.32
2023-05-29 19:00:00,8.769,29.739,0.0,0.0,0.0,0.0,0.0,0.0,0.0,0.0,2.24
2023-05-29 20:00:00,8.779,30.448,0.0,0.0,0.0,0.0,0.0,0.0,0.0,0.0,2.14
2023-05-29 21:00:00,8.777,19.096,0.0,0.0,0.0,0.0,0.0,0.0,0.0,0.0,2.09
2023-05-29 22:00:00,8.777,19.298,0.0,0.0,0.0,0.0,0.0,0.0,0.0,0.0,2.05
2023-05-29 23:00:00,8.794,19.298,0.0,0.0,0.0,0.0,0.0,0.0,0.0,0.0,2.03
2023-05-30 00:00:00,8.784,6.433,0.0,0.0,0.0,0.0,0.0,0.0,0.0,0.0,1.97
2023-05-30 01:00:00,8.731,6.433,0.0,0.0,0.0,0.0,0.0,0.0,0.0,0.0,1.92
2023-05-30 02:00:00,8.796,6.433,0.0,0.0,0.0,0.0,0.0,0.0,0.0,0.0,1.87
2023-05-30 03:00:00,8.817,6.433,0.0,0.0,0.0,0.0,0.0,0.0,0.0,0.0,1.82
2023-05-30 04:00:00,8.806,0.0,0.0,0.0,0.0,0.0,0.0,0.0,0.0,0.0,1.76
2023-05-30 05:00:00,8.823,5.952,0.0,0.0,0.0,0.0,0.0,0.0,0.0,0.0,1.7
2023-05-30 06:00:00,8.828,5.736,0.0,0.0,0.0,0.0,0.0,0.0,0.0,0.0,1.64
2023-05-30 07:00:00,8.828,5.493,0.0,0.0,0.0,0.0,0.0,0.0,0.0,0.0,1.58
2023-05-30 08:00:00,8.797,5.493,0.0,0.0,0.0,0.0,0.0,0.0,0.0,0.0,1.53
2023-05-30 09:00:00,8.625,5.736,0.0,0.0,0.0,0.0,0.0,0.0,0.0,0.0,1.49
2023-05-30 10:00:00,8.614,5.952,0.0,0.0,0.0,0.0,0.0,0.0,0.0,0.0,1.44
2023-05-30 11:00:00,8.817,6.163,0.0,0.0,0.0,0.0,0.0,0.0,0.0,0.0,1.39
2023-05-30 12:00:00,8.656,6.231,0.0,0.0,0.0,0.0,0.0,0.0,0.0,0.0,1.29
2023-05-30 13:00:00,8.637,6.024,0.0,0.0,0.0,0.0,0.0,0.0,0.0,0.0,1.39
2023-05-30 14:00:00,8.638,6.024,0.0,0.0,0.0,0.0,0.0,0.0,0.0,0.0,1.37
2023-05-30 15:00:00,8.628,6.024,0.0,0.0,0.0,0.0,0.0,0.0,0.0,0.0,1.28
2023-05-30 16:00:00,8.644,6.024,0.0,0.0,0.0,0.0,0.0,0.0,0.0,0.0,1.24
2023-05-30 17:00:00,8.629,6.163,0.0,0.0,0.0,0.0,0.0,0.0,0.0,0.0,1.18
2023-05-30 18:00:00,8.627,6.365,0.0,0.0,0.0,0.0,0.0,0.0,0.0,0.0,1.14
2023-05-30 19:00:00,8.633,6.625,0.0,0.0,0.0,0.0,0.0,0.0,0.0,0.0,1.13
2023-05-30 20:00:00,8.626,0.0,0.0,0.0,0.0,0.0,0.0,0.0,0.0,0.0,1.13
2023-05-30 21:00:00,8.627,0.0,0.0,0.0,0.0,0.0,0.0,0.0,0.0,0.0,1.1
2023-05-30 22:00:00,8.629,7.059,0.0,0.0,0.0,0.0,0.0,0.0,0.0,0.0,1.08
2023-05-30 23:00:00,8.634,7.059,0.0,0.0,0.0,0.0,0.0,0.0,0.0,0.0,1.06
2023-05-31 00:00:00,8.633,7.117,0.0,0.0,0.0,0.0,0.0,0.0,0.0,0.0,1.04
2023-05-31 01:00:00,8.626,7.059,0.0,0.0,0.0,0.0,0.0,0.0,0.0,0.0,1.03
2023-05-31 02:00:00,8.632,6.814,0.0,0.0,0.0,0.0,0.0,0.0,0.0,0.0,1.01
2023-05-31 03:00:00,8.633,6.625,0.0,0.0,0.0,0.0,0.0,0.0,0.0,0.0,0.99
2023-05-31 04:00:00,8.63,6.433,0.0,0.0,0.0,0.0,0.0,0.0,0.0,0.0,0.98
2023-05-31 05:00:00,8.631,6.163,0.0,0.0,0.0,0.0,0.0,0.0,0.0,0.0,0.96
2023-05-31 06:00:00,8.633,5.952,0.0,0.0,0.0,0.0,0.0,0.0,0.0,0.0,0.94
2023-05-31 07:00:00,8.639,5.952,0.0,0.0,0.0,0.0,0.0,0.0,0.0,0.0,0.93
2023-05-31 08:00:00,8.646,6.024,0.0,0.0,0.0,0.0,0.0,0.0,0.0,0.0,0.92
2023-05-31 09:00:00,8.64,6.024,0.0,0.0,0.0,0.0,0.0,0.0,0.0,0.0,0.9
2023-05-31 10:00:00,8.849,12.047,0.0,0.0,0.0,0.0,0.0,0.0,0.0,0.0,0.9
2023-05-31 11:00:00,8.873,0.0,0.0,0.0,0.0,0.0,0.0,0.0,0.0,0.0,0.91
2023-05-31 12:00:00,8.869,0.0,0.0,0.0,0.0,0.0,0.0,0.0,0.0,0.0,0.92
2023-05-31 13:00:00,8.864,0.0,0.0,0.0,0.0,0.0,0.0,0.0,0.0,0.0,0.93
2023-05-31 14:00:00,8.867,0.0,0.0,0.0,0.0,0.0,0.0,0.0,0.0,0.0,0.94
2023-05-31 15:00:00,8.871,0.0,0.0,0.0,0.0,0.0,0.0,0.0,0.0,0.0,0.95
2023-05-31 16:00:00,8.676,0.0,0.0,0.0,0.0,0.0,0.0,0.0,0.0,0.0,0.95
2023-05-31 17:00:00,8.641,0.0,0.0,0.0,0.0,0.0,0.0,0.0,0.0,0.0,0.95
2023-05-31 18:00:00,8.645,0.0,0.0,0.0,0.0,0.0,0.0,0.0,0.0,0.0,0.94
2023-05-31 19:00:00,8.65,0.0,0.0,0.0,0.0,0.0,0.0,0.0,0.0,0.0,0.93
2023-05-31 20:00:00,8.638,0.0,0.0,0.0,0.0,0.0,0.0,0.0,0.0,0.0,0.91
2023-05-31 21:00:00,8.645,0.0,0.0,0.0,0.0,0.0,0.0,0.0,0.0,0.0,0.9
2023-05-31 22:00:00,8.639,0.0,0.0,0.0,0.0,0.0,0.0,0.0,0.0,0.0,0.88
2023-05-31 23:00:00,8.775,0.0,0.0,0.0,0.0,0.0,0.0,0.0,0.0,0.0,0.87
2023-06-01 00:00:00,8.857,0.0,0.0,0.0,0.0,0.0,0.0,0.0,0.0,0.0,0.87
2023-06-01 01:00:00,8.883,0.0,0.0,0.0,0.0,0.0,0.0,0.0,0.0,0.0,0.86
2023-06-01 02:00:00,8.872,0.0,0.0,0.0,0.0,0.0,0.0,0.0,0.0,0.0,0.86
2023-06-01 03:00:00,8.879,0.0,0.0,0.0,0.0,0.0,0.0,0.0,0.0,0.0,0.85
2023-06-01 04:00:00,8.638,0.0,0.0,0.0,0.0,0.0,0.0,0.0,0.0,0.0,0.85
2023-06-01 05:00:00,8.617,0.0,0.0,0.0,0.0,0.0,0.0,0.0,0.0,0.0,0.84
2023-06-01 06:00:00,8.609,0.0,0.0,0.0,0.0,0.0,0.0,0.0,0.0,0.0,0.84
2023-06-01 07:00:00,8.645,0.0,0.0,0.0,0.0,0.0,0.0,0.0,0.0,0.0,0.83
2023-06-01 08:00:00,8.646,0.0,0.0,0.0,0.0,0.0,0.0,0.0,0.0,0.0,0.82
2023-06-01 09:00:00,8.638,0.0,0.0,0.0,0.0,0.0,0.0,0.0,0.0,0.0,0.81
2023-06-01 10:00:00,8.644,0.0,0.0,0.0,0.0,0.0,0.0,0.0,0.0,0.0,0.8
2023-06-01 11:00:00,8.636,0.0,0.0,0.0,0.0,0.0,0.0,0.0,0.0,0.0,0.8
2023-06-01 12:00:00,8.633,0.0,0.0,0.0,0.0,0.0,0.0,0.0,0.0,0.0,0.67
2023-06-01 13:00:00,8.637,0.0,0.0,0.0,0.0,0.0,0.0,0.0,0.0,0.0,0.62
2023-06-01 14:00:00,8.635,0.0,0.0,0.0,0.0,0.0,0.0,0.0,0.0,0.0,0.65
2023-06-01 15:00:00,8.621,0.0,0.0,0.0,0.0,0.0,0.0,0.0,0.0,0.0,0.85
2023-06-01 16:00:00,8.623,0.0,0.0,0.0,0.0,0.0,0.0,0.0,0.0,0.0,0.84
2023-06-01 17:00:00,8.774,0.0,0.0,0.0,0.0,0.0,0.0,0.0,0.0,0.0,0.83
2023-06-01 18:00:00,8.865,0.0,0.0,0.0,0.0,0.0,0.0,0.0,0.0,0.0,0.79
2023-06-01 19:00:00,8.869,0.0,0.0,0.0,0.0,0.0,0.0,0.0,0.0,0.0,0.77
2023-06-01 20:00:00,8.879,0.0,0.0,0.0,0.0,0.0,0.0,0.0,0.0,0.0,0.76
2023-06-01 21:00:00,8.866,0.0,0.0,0.0,0.0,0.0,0.0,0.0,0.0,0.0,0.75
2023-06-01 22:00:00,8.862,0.0,0.0,0.0,0.0,0.0,0.0,0.0,0.0,0.0,0.75
2023-06-01 23:00:00,8.86,0.0,0.0,0.0,0.0,0.0,0.0,0.0,0.0,0.0,0.75
2023-06-02 00:00:00,8.867,0.0,0.0,0.0,0.5,1.0,1.0,0.0,0.0,0.0,0.75
2023-06-02 01:00:00,8.654,0.0,2.0,0.0,0.0,0.0,0.0,1.0,2.0,4.0,0.74
2023-06-02 02:00:00,8.637,0.0,1.0,0.0,0.0,0.0,0.0,0.0,2.0,2.0,0.74
2023-06-02 03:00:00,8.633,0.0,0.0,0.0,0.5,0.0,0.0,0.0,0.0,0.5,0.74
2023-06-02 04:00:00,8.649,0.0,0.0,0.0,0.0,1.0,0.0,0.0,0.0,0.5,0.74
2023-06-02 05:00:00,8.641,0.0,0.0,0.0,0.0,0.0,0.0,0.0,0.0,0.0,0.74
2023-06-02 06:00:00,8.649,0.0,0.0,0.0,0.0,0.0,0.0,1.0,0.0,0.0,0.73
2023-06-02 07:00:00,8.637,0.0,0.0,0.0,0.0,0.0,0.0,0.0,0.0,0.0,0.73
2023-06-02 08:00:00,8.639,0.0,0.0,0.0,0.0,0.0,0.0,0.0,0.0,0.0,0.7
2023-06-02 09:00:00,8.648,0.0,0.0,0.0,0.0,0.0,0.0,0.0,0.0,0.0,0.66
2023-06-02 10:00:00,8.769,0.0,0.0,0.0,0.0,0.0,0.0,0.0,0.0,0.0,0.65
2023-06-02 11:00:00,8.867,0.0,0.0,0.0,0.0,0.0,0.0,0.0,0.0,0.0,0.65
2023-06-02 12:00:00,8.771,0.0,0.0,0.0,0.0,0.0,0.0,0.0,0.0,0.0,0.68
2023-06-02 13:00:00,8.866,0.0,0.0,0.0,0.0,0.0,0.0,0.0,0.0,0.0,0.69
2023-06-02 14:00:00,8.863,0.0,0.0,0.0,0.0,0.0,0.0,0.0,0.0,0.0,0.68
2023-06-02 15:00:00,8.858,0.0,0.0,0.0,0.0,0.0,0.0,0.0,0.0,0.0,0.65
2023-06-02 16:00:00,8.851,0.0,0.0,0.0,0.0,0.0,0.0,0.0,0.0,0.0,0.65
2023-06-02 17:00:00,8.859,0.0,0.0,0.0,0.0,0.0,0.0,0.0,0.0,0.0,0.69
2023-06-02 18:00:00,8.851,0.0,0.0,0.0,0.0,0.0,0.0,0.0,0.0,0.0,0.7
2023-06-02 19:00:00,8.863,0.0,0.0,0.0,0.0,0.0,0.0,0.0,0.0,0.0,0.67
2023-06-02 20:00:00,8.864,0.0,0.0,0.0,0.0,0.0,0.0,0.0,0.0,0.0,0.65
2023-06-02 21:00:00,8.857,0.0,0.0,0.0,0.0,0.0,0.0,0.0,0.0,0.0,0.64
2023-06-02 22:00:00,8.863,0.0,0.0,0.0,0.0,0.0,0.0,0.0,0.0,0.0,0.64
2023-06-02 23:00:00,8.505,0.0,0.0,0.0,0.0,0.0,0.0,0.0,0.0,0.0,0.66
2023-06-03 00:00:00,8.491,0.0,0.0,0.0,0.0,0.0,0.0,0.0,0.0,0.0,0.68
2023-06-03 01:00:00,8.625,0.0,0.0,0.0,0.0,0.0,0.0,0.0,0.0,0.0,0.68
2023-06-03 02:00:00,8.641,0.0,0.0,0.0,0.0,0.0,0.0,0.0,0.0,0.0,0.67
2023-06-03 03:00:00,8.759,0.0,0.0,0.0,0.0,0.0,0.0,0.0,0.0,0.0,0.65
2023-06-03 04:00:00,8.631,0.0,0.0,0.0,0.0,0.0,0.0,0.0,0.0,0.0,0.64
2023-06-03 05:00:00,8.635,0.0,0.0,0.0,0.0,0.0,0.0,0.0,0.0,0.0,0.64
2023-06-03 06:00:00,8.644,0.0,0.0,0.0,0.0,0.0,0.0,0.0,0.0,0.0,0.63
2023-06-03 07:00:00,8.657,0.0,0.0,0.0,0.0,0.0,0.0,0.0,0.0,0.0,0.63
2023-06-03 08:00:00,8.662,0.0,0.0,0.0,0.0,0.0,0.0,0.0,0.0,0.0,0.63
2023-06-03 09:00:00,8.663,0.0,0.0,0.0,0.0,0.0,0.0,0.0,0.0,0.0,0.63
2023-06-03 10:00:00,8.66,0.0,0.0,0.0,0.0,0.0,0.0,0.0,0.0,0.0,0.63
2023-06-03 11:00:00,8.661,0.0,0.0,0.0,0.0,0.0,0.0,0.0,0.0,0.0,0.63
2023-06-03 12:00:00,8.658,0.0,0.0,0.0,0.0,0.0,0.0,0.0,0.0,0.0,0.62
2023-06-03 13:00:00,8.654,0.0,0.0,0.0,0.0,0.0,0.0,0.0,0.0,0.0,0.58
2023-06-03 14:00:00,8.64,0.0,0.0,0.0,0.0,0.0,0.0,0.0,0.0,0.0,0.56
2023-06-03 15:00:00,8.714,0.0,0.0,0.0,0.0,0.0,0.0,0.0,0.0,0.0,0.56
2023-06-03 16:00:00,8.86,0.0,0.0,0.0,0.0,0.0,0.0,0.0,0.0,0.0,0.59
2023-06-03 17:00:00,8.859,0.0,0.0,0.0,0.0,0.0,0.0,0.0,0.0,0.0,0.61
2023-06-03 18:00:00,8.867,0.0,0.0,0.0,0.0,0.0,0.0,0.0,0.0,0.0,0.62
2023-06-03 19:00:00,8.848,0.0,0.0,0.0,0.0,0.0,0.0,0.0,0.0,0.0,0.62
2023-06-03 20:00:00,8.853,0.0,0.0,0.0,0.0,0.0,0.0,0.0,0.0,0.0,0.62
2023-06-03 21:00:00,8.646,0.0,0.0,0.0,0.0,0.0,0.0,0.0,0.0,0.0,0.6
2023-06-03 22:00:00,8.611,0.0,0.0,0.0,0.0,0.0,0.0,0.0,0.0,0.0,0.58
2023-06-03 23:00:00,8.612,0.0,0.0,0.0,0.0,0.0,0.0,0.0,0.0,0.0,0.58
2023-06-04 00:00:00,8.634,0.0,0.0,0.0,0.0,0.0,0.0,0.0,0.0,0.0,0.59
2023-06-04 01:00:00,8.657,0.0,0.0,0.0,0.0,0.0,0.0,0.0,0.0,0.0,0.6
2023-06-04 02:00:00,8.645,0.0,0.0,0.0,0.0,0.0,0.0,0.0,0.0,0.0,0.61
2023-06-04 03:00:00,8.637,0.0,0.0,0.0,0.0,0.0,0.0,0.0,0.0,0.0,0.6
2023-06-04 04:00:00,8.651,0.0,0.0,0.0,0.0,0.0,0.0,0.0,0.0,0.0,0.57
2023-06-04 05:00:00,8.642,0.0,0.0,0.0,0.0,0.0,0.0,0.0,0.0,0.0,0.56
2023-06-04 06:00:00,8.629,0.0,0.0,0.0,0.0,0.0,0.0,0.0,0.0,0.0,0.55
2023-06-04 07:00:00,8.659,0.0,0.0,0.0,0.0,0.0,0.0,0.0,0.0,0.0,0.54
2023-06-04 08:00:00,8.661,0.0,0.0,0.0,0.0,0.0,0.0,0.0,0.0,0.0,0.54
2023-06-04 09:00:00,8.639,0.0,0.0,0.0,0.0,0.0,0.0,0.0,0.0,0.0,0.59
2023-06-04 10:00:00,8.665,0.0,0.0,0.0,0.0,0.0,0.0,0.0,0.0,0.0,0.6
2023-06-04 11:00:00,8.662,0.0,0.0,0.0,0.0,0.0,0.0,0.0,0.0,0.0,0.61
2023-06-04 12:00:00,8.671,0.0,0.0,0.0,0.0,0.0,0.0,0.0,0.0,0.0,0.6
2023-06-04 13:00:00,8.655,0.0,0.0,0.0,0.0,0.0,0.0,0.0,0.0,0.0,0.57
2023-06-04 14:00:00,8.656,0.0,0.0,0.0,0.0,0.0,0.0,0.0,0.0,0.0,0.55
2023-06-04 15:00:00,8.649,0.0,0.0,0.0,0.0,0.0,0.0,0.0,0.0,0.0,0.54
2023-06-04 16:00:00,8.644,0.0,0.0,0.0,0.0,0.0,0.0,0.0,0.0,0.0,0.54
2023-06-04 17:00:00,8.637,0.0,0.0,0.0,0.0,0.0,0.0,0.0,0.0,0.0,0.54
2023-06-04 18:00:00,8.627,0.0,0.0,0.0,0.0,0.0,0.0,0.0,0.0,0.0,0.53
2023-06-04 19:00:00,8.804,0.0,0.0,0.0,0.0,0.0,0.0,0.0,0.0,0.0,0.53
2023-06-04 20:00:00,8.87,0.0,0.0,0.0,0.0,0.0,0.0,0.0,0.0,0.0,0.53
2023-06-04 21:00:00,8.863,0.0,0.0,0.0,0.0,0.0,0.0,0.0,0.0,0.0,0.55
2023-06-04 22:00:00,8.866,0.0,0.0,0.0,0.0,0.0,0.0,0.0,0.0,0.0,0.57
2023-06-04 23:00:00,8.869,0.0,0.0,0.0,0.0,0.0,0.0,0.0,0.0,0.0,0.57
2023-06-05 00:00:00,8.869,0.0,0.0,0.0,0.0,0.0,0.0,0.0,0.0,0.0,0.57
2023-06-05 01:00:00,8.649,0.0,0.0,0.0,0.0,0.0,0.0,0.0,0.0,0.0,0.56
2023-06-05 02:00:00,8.657,0.0,0.0,0.0,0.0,0.0,0.0,0.0,0.0,0.0,0.54
2023-06-05 03:00:00,8.629,0.0,0.0,0.0,0.0,0.0,0.0,0.0,0.0,0.0,0.54
2023-06-05 04:00:00,8.658,0.0,0.0,0.0,0.0,0.0,0.0,0.0,0.0,0.0,0.54
2023-06-05 05:00:00,8.657,0.0,0.0,0.0,0.0,0.0,0.0,0.0,0.0,0.0,0.53
2023-06-05 06:00:00,8.659,0.0,0.0,0.0,0.0,0.0,0.0,0.0,0.0,0.0,0.53
2023-06-05 07:00:00,8.662,0.0,0.0,0.0,0.0,0.0,0.0,0.0,0.0,0.0,0.53
2023-06-05 08:00:00,8.653,0.0,0.0,0.0,0.0,0.0,0.0,0.0,0.0,0.0,0.53
2023-06-05 09:00:00,8.654,0.0,0.0,0.0,0.0,0.0,0.0,0.0,0.0,0.0,0.53
2023-06-05 10:00:00,8.663,0.0,0.0,0.0,0.0,0.0,0.0,0.0,0.0,0.0,0.53
2023-06-05 11:00:00,8.656,0.0,0.0,0.0,0.0,0.0,0.0,0.0,0.0,0.0,0.52
2023-06-05 12:00:00,8.65,0.0,0.0,0.0,0.0,0.0,0.0,0.0,0.0,0.0,0.52
2023-06-05 13:00:00,8.663,0.0,0.0,0.0,0.0,0.0,0.0,0.0,0.0,0.0,0.52
2023-06-05 14:00:00,8.834,0.0,0.0,0.0,0.0,0.0,0.0,0.0,0.0,0.0,0.52
2023-06-05 15:00:00,8.826,0.0,0.0,0.0,0.0,0.0,0.0,0.0,0.0,0.0,0.52
2023-06-05 16:00:00,8.827,0.0,0.0,0.0,0.0,0.0,0.0,0.0,0.0,0.0,0.49
2023-06-05 17:00:00,8.826,0.0,0.0,0.0,0.0,0.0,0.0,0.0,0.0,0.0,0.45
2023-06-05 18:00:00,8.82,0.0,0.0,0.0,0.0,0.0,0.0,0.0,0.0,0.0,0.43
2023-06-05 19:00:00,8.827,0.0,0.0,0.0,0.0,0.0,0.0,0.0,0.0,0.0,0.41
2023-06-05 20:00:00,8.835,0.0,0.0,0.0,0.0,0.0,0.0,0.0,0.0,0.0,0.43
2023-06-05 21:00:00,8.837,0.0,0.0,0.0,0.0,0.0,0.0,0.0,0.0,0.0,0.46
2023-06-05 22:00:00,8.837,0.0,0.0,0.0,0.0,0.0,0.0,0.0,0.0,0.0,0.49
2023-06-05 23:00:00,8.835,0.0,0.0,0.0,0.0,0.0,0.0,0.0,0.0,0.0,0.51
2023-06-06 00:00:00,8.697,0.0,0.0,0.0,0.0,0.0,0.0,0.0,0.0,0.0,0.52
2023-06-06 01:00:00,8.62,0.0,0.0,0.0,0.0,0.0,0.0,0.0,0.0,0.0,0.52
2023-06-06 02:00:00,8.625,0.0,0.0,0.0,0.0,0.0,0.0,0.0,0.0,0.0,0.52
2023-06-06 03:00:00,8.621,0.0,0.0,0.0,0.0,0.0,0.0,0.0,0.0,0.0,0.53
2023-06-06 04:00:00,8.597,0.0,0.0,0.0,0.0,0.0,0.0,0.0,0.0,0.0,0.53
2023-06-06 05:00:00,8.613,0.0,0.0,0.0,0.0,0.0,0.0,0.0,0.0,0.0,0.53
2023-06-06 06:00:00,8.589,0.0,0.0,0.0,0.0,0.0,0.0,0.0,0.0,0.0,0.53
2023-06-06 07:00:00,8.585,0.0,0.0,0.0,0.0,0.0,0.0,0.0,0.0,0.0,0.49
2023-06-06 08:00:00,8.614,0.0,0.0,0.0,0.0,0.0,0.0,0.0,0.0,0.0,0.45
2023-06-06 09:00:00,8.616,0.0,0.0,0.0,0.0,0.0,0.0,0.0,0.0,0.0,0.43
2023-06-06 10:00:00,8.596,0.0,0.0,0.0,0.0,0.0,0.0,0.0,0.0,0.0,0.45
2023-06-06 11:00:00,8.61,0.0,0.0,0.0,0.0,0.0,0.0,0.0,0.0,0.0,0.47
2023-06-06 12:00:00,8.63,0.0,0.0,0.0,0.0,0.0,0.0,0.0,0.0,0.0,0.49
2023-06-06 13:00:00,8.834,0.0,0.0,0.0,0.0,0.0,0.0,0.0,0.0,0.0,0.51
2023-06-06 14:00:00,8.829,0.0,0.0,0.0,0.0,0.0,0.0,0.0,0.0,0.0,0.52
2023-06-06 15:00:00,8.829,0.0,0.0,0.0,0.0,0.0,0.0,0.0,0.0,0.0,0.53
2023-06-06 16:00:00,8.834,0.0,0.0,0.0,0.0,0.0,0.0,0.0,0.0,0.0,0.52
2023-06-06 17:00:00,8.823,0.0,0.0,0.0,0.0,0.0,0.0,0.0,0.0,0.0,0.49
2023-06-06 18:00:00,8.825,0.0,0.0,0.0,0.0,0.0,0.0,0.0,0.0,0.0,0.46
2023-06-06 19:00:00,8.826,0.0,0.0,0.0,0.0,0.0,0.0,0.0,0.0,0.0,0.44
2023-06-06 20:00:00,8.819,0.0,0.0,0.0,0.0,0.0,0.0,0.0,0.0,0.0,0.44
2023-06-06 21:00:00,8.816,0.0,0.0,0.0,0.0,0.0,0.0,0.0,0.0,0.0,0.47
2023-06-06 22:00:00,8.822,0.0,0.0,0.0,0.0,0.0,0.0,0.0,0.0,0.0,0.5
2023-06-06 23:00:00,8.817,0.0,0.0,0.0,0.0,0.0,0.0,0.0,0.0,0.0,0.51
2023-06-07 00:00:00,8.821,0.0,0.0,0.0,0.0,0.0,0.0,0.0,0.0,0.0,0.52
2023-06-07 01:00:00,8.596,0.0,0.0,0.0,0.0,0.0,0.0,0.0,0.0,0.0,0.52
2023-06-07 02:00:00,8.566,0.0,0.0,0.0,0.0,0.0,0.0,0.0,0.0,0.0,0.53
2023-06-07 03:00:00,8.575,0.0,0.0,0.0,0.0,0.0,0.0,0.0,0.0,0.0,0.52
2023-06-07 04:00:00,8.579,0.0,0.0,0.0,0.0,0.0,0.0,0.0,0.0,0.0,0.48
2023-06-07 05:00:00,8.569,0.0,0.0,0.0,0.0,0.0,0.0,0.0,0.0,0.0,0.45
2023-06-07 06:00:00,8.569,0.0,0.0,0.0,0.0,0.0,0.0,0.0,0.0,0.0,0.43
2023-06-07 07:00:00,8.578,0.0,0.0,0.0,0.0,0.0,0.0,0.0,0.0,0.0,0.44
2023-06-07 08:00:00,8.566,0.0,0.0,0.0,0.0,0.0,0.0,0.0,0.0,0.0,0.47
2023-06-07 09:00:00,8.607,0.0,0.0,0.0,0.0,0.0,0.0,0.0,0.0,0.0,0.49
2023-06-07 10:00:00,8.608,0.0,0.0,0.0,0.0,0.0,0.0,0.0,0.0,0.0,0.51
2023-06-07 11:00:00,8.601,0.0,0.0,0.0,0.0,0.0,0.0,0.0,0.0,0.0,0.51
2023-06-07 12:00:00,8.612,0.0,0.0,0.0,0.0,0.0,0.0,0.0,0.0,0.0,0.52
2023-06-07 13:00:00,8.613,0.0,0.0,0.0,0.0,0.0,0.0,0.0,0.0,0.0,0.49
2023-06-07 14:00:00,8.718,0.0,0.0,0.0,0.0,0.0,0.0,0.0,0.0,0.0,0.44
2023-06-07 15:00:00,8.825,0.0,0.0,0.0,0.0,0.0,0.0,0.0,0.0,0.0,0.42
2023-06-07 16:00:00,8.821,0.0,0.0,0.0,0.0,0.0,0.0,0.0,0.0,0.0,0.41
2023-06-07 17:00:00,8.819,0.0,0.0,0.0,0.0,0.0,0.0,0.0,0.0,0.0,0.43
2023-06-07 18:00:00,8.813,0.0,0.0,0.0,0.0,0.0,0.0,0.0,0.0,0.0,0.46
2023-06-07 19:00:00,8.823,0.0,0.0,0.0,0.0,0.0,0.0,0.0,0.0,0.0,0.49
2023-06-07 20:00:00,8.815,0.0,0.0,0.0,0.0,0.0,0.0,0.0,0.0,0.0,0.51
2023-06-07 21:00:00,8.816,0.0,0.0,0.0,0.0,0.0,0.0,0.0,0.0,0.0,0.52
2023-06-07 22:00:00,8.83,0.0,0.0,0.0,0.0,0.0,0.0,0.0,0.0,0.0,0.52
2023-06-07 23:00:00,8.81,0.0,0.0,0.0,0.0,0.0,0.0,0.0,0.0,0.0,0.53
2023-06-08 00:00:00,8.819,0.0,0.0,0.0,0.0,0.0,0.0,0.0,0.0,0.0,0.53
2023-06-08 01:00:00,8.82,0.0,0.0,0.0,0.0,0.0,0.0,0.0,0.0,0.0,0.53
2023-06-08 02:00:00,8.832,0.0,0.0,0.0,0.0,0.0,0.0,0.0,0.0,0.0,0.5
2023-06-08 03:00:00,8.847,0.0,0.0,0.0,0.0,0.0,0.0,0.0,0.0,0.0,0.47
2023-06-08 04:00:00,8.832,0.0,0.0,0.0,0.0,0.0,0.0,0.0,0.0,0.0,0.45
2023-06-08 05:00:00,8.841,0.0,0.0,0.0,0.0,0.0,0.0,0.0,0.0,0.0,0.45
2023-06-08 06:00:00,8.826,0.0,0.0,0.0,0.0,0.0,0.0,0.0,0.0,0.0,0.47
2023-06-08 07:00:00,8.838,0.0,0.0,0.0,0.0,0.0,0.0,0.0,0.0,0.0,0.49
2023-06-08 08:00:00,8.817,0.0,0.0,0.0,0.0,0.0,0.0,0.0,0.0,0.0,0.5
2023-06-08 09:00:00,8.827,0.0,0.0,0.0,0.0,0.0,0.0,0.0,0.0,0.0,0.45
2023-06-08 10:00:00,8.828,0.0,0.0,0.0,0.0,0.0,0.0,0.0,0.0,0.0,0.45
2023-06-08 11:00:00,8.816,0.0,0.0,0.0,0.0,0.0,0.0,0.0,0.0,0.0,0.47
2023-06-08 12:00:00,8.814,0.0,0.0,0.0,0.0,0.0,0.0,0.0,0.0,0.0,0.47
2023-06-08 13:00:00,8.597,0.0,0.0,0.0,0.0,0.0,0.0,0.0,0.0,0.0,0.43
2023-06-08 14:00:00,8.573,0.0,0.0,0.0,0.0,0.0,0.0,0.0,0.0,0.0,0.42
2023-06-08 15:00:00,8.557,0.0,0.0,0.0,0.0,0.0,0.0,0.0,0.0,0.0,0.48
2023-06-08 16:00:00,8.561,0.0,0.0,0.0,0.0,0.0,0.0,0.0,0.0,0.0,0.48
2023-06-08 17:00:00,8.558,0.0,0.0,0.0,0.0,0.0,0.0,0.0,0.0,0.0,0.45
2023-06-08 18:00:00,8.639,0.0,0.0,0.0,0.0,0.0,0.0,0.0,0.0,0.0,0.44
2023-06-08 19:00:00,8.549,0.0,0.0,0.0,0.0,0.0,0.0,0.0,0.0,0.0,0.44
2023-06-08 20:00:00,8.545,0.0,0.0,0.0,0.0,0.0,0.0,0.0,0.0,0.0,0.46
2023-06-08 21:00:00,8.548,0.0,0.0,0.0,0.0,0.0,0.0,0.0,0.0,0.0,0.49
2023-06-08 22:00:00,8.545,0.0,0.0,0.0,0.0,0.0,0.0,0.0,0.0,0.0,0.51
2023-06-08 23:00:00,8.552,0.0,0.0,0.0,0.0,0.0,0.0,0.0,0.0,0.0,0.51
2023-06-09 00:00:00,8.556,0.0,0.0,0.0,0.0,0.0,0.0,0.0,0.0,0.0,0.49
2023-06-09 01:00:00,8.559,0.0,0.0,0.0,0.0,0.0,0.0,0.0,0.0,0.0,0.48
2023-06-09 02:00:00,8.556,0.0,0.0,0.0,0.0,0.0,0.0,0.0,0.0,0.0,0.45
2023-06-09 03:00:00,8.559,0.0,0.0,0.0,0.0,0.0,0.0,0.0,0.0,0.0,0.45
2023-06-09 04:00:00,8.556,0.0,0.0,0.0,0.0,0.0,0.0,0.0,0.0,0.0,0.48
2023-06-09 05:00:00,8.557,0.0,0.0,0.0,0.0,0.0,0.0,0.0,0.0,0.0,0.48
2023-06-09 06:00:00,8.564,0.0,0.0,0.0,0.0,0.0,0.0,0.0,0.0,0.0,0.47
2023-06-09 07:00:00,8.562,0.0,0.0,0.0,0.0,0.0,0.0,0.0,0.0,0.0,0.45
2023-06-09 08:00:00,8.563,0.0,0.0,0.0,0.0,0.0,0.0,0.0,0.0,0.0,0.43
2023-06-09 09:00:00,8.563,0.0,0.0,0.0,0.0,0.0,0.0,0.0,0.0,0.0,0.41
2023-06-09 10:00:00,8.562,0.0,0.0,0.0,0.0,0.0,0.0,0.0,0.0,0.0,0.4
2023-06-09 11:00:00,8.557,0.0,0.0,0.0,0.0,0.0,0.0,0.0,0.0,0.0,0.43
2023-06-09 12:00:00,8.559,0.0,0.0,0.0,0.0,0.0,0.0,0.0,0.0,0.0,0.47
2023-06-09 13:00:00,8.76,0.0,0.0,0.0,0.0,0.0,0.0,0.0,0.0,0.0,0.5
2023-06-09 14:00:00,8.803,0.0,0.0,0.0,0.0,0.0,0.0,0.0,0.0,0.0,0.5
2023-06-09 15:00:00,8.795,0.0,0.0,0.0,0.0,0.0,0.0,0.0,0.0,0.0,0.49
2023-06-09 16:00:00,8.803,0.0,0.0,0.0,0.0,0.0,0.0,0.0,0.0,0.0,0.45
2023-06-09 17:00:00,8.825,0.0,0.0,0.0,0.0,0.0,0.0,0.0,0.0,0.0,0.43
2023-06-09 18:00:00,8.974,0.0,0.0,0.0,0.0,0.0,0.0,0.0,0.0,0.0,0.42
2023-06-09 19:00:00,8.974,0.0,0.0,0.0,0.0,0.0,0.0,0.0,0.0,0.0,0.42
2023-06-09 20:00:00,8.972,0.0,0.0,0.0,0.0,0.0,0.0,0.0,0.0,0.0,0.46
2023-06-09 21:00:00,8.973,0.0,0.0,0.0,0.0,0.0,0.0,0.0,0.0,0.0,0.49
2023-06-09 22:00:00,8.983,0.0,0.0,0.0,0.0,0.0,0.0,0.0,0.0,0.0,0.51
2023-06-09 23:00:00,8.798,0.0,0.0,0.0,0.0,0.0,0.0,0.0,0.0,0.0,0.51
2023-06-10 00:00:00,8.801,0.0,0.0,0.0,0.0,0.0,0.0,0.0,0.0,0.0,0.48
2023-06-10 01:00:00,8.796,0.0,0.0,0.0,0.0,0.0,0.0,0.0,0.0,0.0,0.48
2023-06-10 02:00:00,8.81,0.0,0.0,0.0,0.0,0.0,0.0,0.0,0.0,0.0,0.48
2023-06-10 03:00:00,8.798,0.0,0.0,0.0,0.0,0.0,0.0,0.0,0.0,0.0,0.48
2023-06-10 04:00:00,8.808,0.0,0.0,0.0,0.0,0.0,0.0,0.0,0.0,0.0,0.46
2023-06-10 05:00:00,8.809,0.0,0.0,0.0,0.0,0.0,0.0,0.0,0.0,0.0,0.43
2023-06-10 06:00:00,8.808,0.0,0.0,0.0,0.0,0.0,0.0,0.0,0.0,0.0,0.41
2023-06-10 07:00:00,8.806,0.0,0.0,0.0,0.0,0.0,0.0,0.0,0.0,0.0,0.4
2023-06-10 08:00:00,8.809,0.0,0.0,0.0,0.0,0.0,0.0,0.0,0.0,0.0,0.4
2023-06-10 09:00:00,8.804,0.0,0.0,0.0,0.0,0.0,0.0,0.0,0.0,0.0,0.43
2023-06-10 10:00:00,8.799,0.0,0.0,0.0,0.0,0.0,0.0,0.0,0.0,0.0,0.45
2023-06-10 11:00:00,8.804,0.0,0.0,0.0,0.0,0.0,0.0,0.0,0.0,0.0,0.49
2023-06-10 12:00:00,8.793,0.0,0.0,0.0,0.0,0.0,0.0,0.0,0.0,0.0,0.5
2023-06-10 13:00:00,8.816,0.0,0.0,0.0,0.0,0.0,0.0,0.0,0.0,0.0,0.47
2023-06-10 14:00:00,8.592,0.0,0.0,0.0,0.0,0.0,0.0,0.0,0.0,0.0,0.45
2023-06-10 15:00:00,8.572,0.0,0.0,0.0,0.0,0.0,0.0,0.0,0.0,0.0,0.44
2023-06-10 16:00:00,8.555,0.0,2.0,2.0,0.0,0.0,0.0,2.0,7.0,7.0,0.41
2023-06-10 17:00:00,8.551,0.0,27.0,40.0,2.0,1.0,1.0,1.0,1.0,1.5,0.41
2023-06-10 18:00:00,8.552,0.0,20.0,9.0,3.0,2.0,4.0,0.0,2.0,3.5,0.43
2023-06-10 19:00:00,8.552,0.0,0.0,0.0,0.0,0.0,0.0,3.0,3.0,3.0,0.49
2023-06-10 20:00:00,8.562,0.0,0.0,0.0,0.0,0.0,0.0,0.0,0.0,0.0,0.51
2023-06-10 21:00:00,8.562,0.0,0.0,0.0,0.0,0.0,0.0,0.0,0.0,0.0,0.52
2023-06-10 22:00:00,8.566,0.0,0.0,0.0,0.0,0.0,0.0,0.0,0.0,0.0,0.5
2023-06-10 23:00:00,8.579,0.0,0.0,0.0,0.0,0.0,0.0,0.0,0.0,0.0,0.49
2023-06-11 00:00:00,8.563,0.0,0.0,0.0,0.0,0.0,0.0,0.0,0.0,0.0,0.49
2023-06-11 01:00:00,8.568,0.0,0.0,0.0,0.0,0.0,0.0,0.0,0.0,0.0,0.52
2023-06-11 02:00:00,8.567,0.0,0.0,0.0,0.0,0.0,0.0,0.0,0.0,0.0,0.59
2023-06-11 03:00:00,8.571,0.0,0.0,0.0,0.0,0.0,0.0,0.0,0.0,0.0,0.6
2023-06-11 04:00:00,8.566,0.0,0.0,0.0,0.0,0.0,0.0,0.0,0.0,0.0,0.62
2023-06-11 05:00:00,8.57,0.0,0.0,0.0,0.0,0.0,0.0,0.0,0.0,0.0,0.62
2023-06-11 06:00:00,8.583,0.0,0.0,0.0,0.0,0.0,0.0,0.0,0.0,0.0,0.6
2023-06-11 07:00:00,8.573,0.0,0.0,0.0,0.0,0.0,0.0,0.0,0.0,0.0,0.58
2023-06-11 08:00:00,8.579,0.0,0.0,0.0,0.0,0.0,0.0,0.0,0.0,0.0,0.56
2023-06-11 09:00:00,8.587,0.0,0.0,0.0,0.0,0.0,0.0,0.0,0.0,0.0,0.55
2023-06-11 10:00:00,8.594,0.0,0.0,0.0,0.0,0.0,0.0,0.0,0.0,0.0,0.57
2023-06-11 11:00:00,8.627,0.0,0.0,0.0,0.0,0.0,0.0,0.0,0.0,0.0,0.59
2023-06-11 12:00:00,8.82,0.0,0.0,0.0,0.0,0.0,0.0,0.0,0.0,0.0,0.6
2023-06-11 13:00:00,8.816,0.0,0.0,0.0,0.0,0.0,0.0,0.0,0.0,0.0,0.59
2023-06-11 14:00:00,8.806,0.0,0.0,0.0,0.0,0.0,0.0,0.0,0.0,0.0,0.57
2023-06-11 15:00:00,8.809,0.0,0.0,0.0,0.0,0.0,0.0,0.0,0.0,0.0,0.56
2023-06-11 16:00:00,8.803,0.0,0.0,0.0,0.0,0.0,0.0,0.0,0.0,0.0,0.55
2023-06-11 17:00:00,8.805,0.0,0.0,0.0,0.0,0.0,0.0,0.0,0.0,0.0,0.54
2023-06-11 18:00:00,8.81,0.0,0.0,0.0,0.0,0.0,0.0,0.0,2.0,1.5,0.54
2023-06-11 19:00:00,8.796,0.0,0.0,0.0,0.0,0.0,0.0,6.0,1.0,2.5,0.54
2023-06-11 20:00:00,8.797,0.0,0.0,0.0,0.0,1.0,0.0,0.0,0.0,0.0,0.54
2023-06-11 21:00:00,8.81,0.0,0.0,0.0,0.0,0.0,0.0,0.0,0.0,0.0,0.54
2023-06-11 22:00:00,8.8,0.0,0.0,0.0,0.0,0.0,1.0,0.0,0.0,0.0,0.54
2023-06-11 23:00:00,8.798,0.0,0.0,0.0,0.0,0.0,0.0,0.0,0.0,0.0,0.54
2023-06-12 00:00:00,8.813,0.0,0.0,0.0,0.0,0.0,0.0,0.0,0.0,0.0,0.54
2023-06-12 01:00:00,8.802,0.0,0.0,0.0,0.0,0.0,0.0,0.0,0.0,0.0,0.54
2023-06-12 02:00:00,8.807,0.0,0.0,0.0,0.0,0.0,0.0,0.0,0.0,0.0,0.54
2023-06-12 03:00:00,8.802,0.0,0.0,0.0,0.0,0.0,0.0,0.0,0.0,0.0,0.54
2023-06-12 04:00:00,8.806,0.0,0.0,0.0,0.0,0.0,0.0,0.0,0.0,0.0,0.54
2023-06-12 05:00:00,8.799,0.0,0.0,0.0,0.0,0.0,0.0,0.0,0.0,0.5,0.54
2023-06-12 06:00:00,8.804,0.0,0.0,0.0,0.0,0.0,0.0,0.0,0.0,0.0,0.54
2023-06-12 07:00:00,8.812,0.0,0.0,0.0,0.0,0.0,0.0,0.0,0.0,0.0,0.54
2023-06-12 08:00:00,8.81,0.0,0.0,0.0,0.0,0.0,0.0,0.0,0.0,0.0,0.54
2023-06-12 09:00:00,8.82,0.0,0.0,0.0,0.0,0.0,0.0,0.0,0.0,0.0,0.54
2023-06-12 10:00:00,8.806,0.0,0.0,0.0,0.0,0.0,0.0,0.0,0.0,0.0,0.56
2023-06-12 11:00:00,8.801,0.0,0.0,0.0,0.0,0.0,0.0,0.0,0.0,0.0,0.56
2023-06-12 12:00:00,8.796,0.0,0.0,0.0,0.0,0.0,0.0,0.0,0.0,0.0,0.56
2023-06-12 13:00:00,8.709,0.0,0.0,0.0,0.0,0.0,0.0,0.0,0.0,0.0,0.58
2023-06-12 14:00:00,8.596,0.0,0.0,0.0,0.0,0.0,0.0,0.0,0.0,0.0,0.57
2023-06-12 15:00:00,8.57,0.0,0.0,0.0,0.0,0.0,0.0,0.0,0.0,0.0,0.51
2023-06-12 16:00:00,8.543,0.0,0.0,0.0,0.0,0.0,0.0,0.0,0.0,0.0,0.47
2023-06-12 17:00:00,8.545,0.0,0.0,0.0,0.0,0.0,0.0,0.0,0.0,0.0,0.46
2023-06-12 18:00:00,8.54,0.0,0.0,0.0,0.0,0.0,0.0,0.0,0.0,0.0,0.47
2023-06-12 19:00:00,8.538,0.0,0.0,0.0,0.0,0.0,0.0,0.0,0.0,0.0,0.49
2023-06-12 20:00:00,8.539,0.0,0.0,0.0,0.0,0.0,0.0,0.0,0.0,0.0,0.51
2023-06-12 21:00:00,8.541,0.0,0.0,0.0,0.0,0.0,0.0,0.0,0.0,0.0,0.52
2023-06-12 22:00:00,8.661,0.0,0.0,0.0,0.0,0.0,0.0,0.0,0.0,0.0,0.53
2023-06-12 23:00:00,8.802,0.0,0.0,0.0,0.0,0.0,0.0,0.0,0.0,0.0,0.53
2023-06-13 00:00:00,8.793,0.0,0.0,0.0,0.0,0.0,0.0,0.0,0.0,0.0,0.2172917789316359
2023-06-13 01:00:00,8.806,0.0,0.0,0.0,0.0,0.0,0.0,0.0,0.0,0.0,0.2169800905872616
2023-06-13 02:00:00,8.799,0.0,0.0,0.0,0.0,0.0,0.0,0.0,0.0,0.0,0.2167498079211367
2023-06-13 03:00:00,8.793,0.0,0.0,0.0,0.0,0.0,0.0,0.0,0.0,0.0,0.2163984818520909
2023-06-13 04:00:00,8.796,0.0,0.0,0.0,0.0,0.0,0.0,0.0,0.0,0.0,0.2160991600841084
2023-06-13 05:00:00,8.792,0.0,0.0,0.0,0.0,0.0,0.0,0.0,0.0,0.0,0.2157723000104257
2023-06-13 06:00:00,8.787,0.0,0.0,0.0,0.0,0.0,0.0,0.0,0.0,0.0,0.2154195678496924
2023-06-13 07:00:00,8.789,0.0,0.0,0.0,0.0,0.0,0.0,0.0,0.0,0.0,0.2150739364519811
2023-06-13 08:00:00,8.8,0.0,0.0,0.0,0.0,0.0,0.0,0.0,0.0,0.0,0.2147601108482417
2023-06-13 09:00:00,8.798,0.0,0.0,0.0,0.0,0.0,0.0,0.0,0.0,0.0,0.2144290043776626
2023-06-13 10:00:00,8.784,0.0,0.0,0.0,0.0,0.0,0.0,0.0,0.0,0.0,0.2140261872310196
2023-06-13 11:00:00,8.795,0.0,0.0,0.0,0.0,0.0,0.0,0.0,0.0,0.0,0.2136562515384894
2023-06-13 12:00:00,8.837,0.0,0.0,0.0,0.0,0.0,0.0,0.0,0.0,0.0,0.2134258423241126
2023-06-13 13:00:00,8.867,0.0,0.0,0.0,0.0,0.0,0.0,0.0,0.0,0.0,0.2132355067228304
2023-06-13 14:00:00,8.793,0.0,0.0,0.0,0.0,0.0,0.0,0.0,0.0,0.0,0.2127554810816252
2023-06-13 15:00:00,8.723,0.0,0.0,0.0,0.0,0.0,0.0,0.0,0.0,0.0,0.2120101329694419
2023-06-13 16:00:00,8.592,0.0,0.0,0.0,0.0,0.0,0.0,0.0,0.0,0.0,0.2111460825969975
2023-06-13 17:00:00,8.546,0.0,0.0,0.0,0.0,0.0,0.0,0.0,0.0,0.0,0.2102432240939773
2023-06-13 18:00:00,8.547,0.0,0.0,0.0,0.0,0.0,0.0,0.0,0.0,0.0,0.2097041426018959
2023-06-13 19:00:00,8.547,0.0,0.0,0.0,0.0,0.0,0.0,0.0,0.0,0.0,0.209186208728795
2023-06-13 20:00:00,8.543,0.0,0.0,0.0,0.0,0.0,0.0,0.0,0.0,0.0,0.2086729219887213
2023-06-13 21:00:00,8.548,0.0,0.0,0.0,0.0,0.0,0.0,0.0,0.0,0.0,0.2081741812671551
2023-06-13 22:00:00,8.551,0.0,0.0,0.0,0.0,0.0,0.0,0.0,0.0,0.0,0.2077062620753795
2023-06-13 23:00:00,8.55,0.0,0.0,0.0,0.0,0.0,0.0,0.0,0.0,0.0,0.2072205839455905
2023-06-14 00:00:00,8.562,0.0,0.0,0.0,0.0,0.0,0.0,0.0,0.0,0.0,0.2067679067877077
2023-06-14 01:00:00,8.707,0.0,0.0,0.0,0.0,0.0,0.0,0.0,0.0,0.0,0.2066948040808731
2023-06-14 02:00:00,8.788,0.0,0.0,0.0,0.0,0.0,0.0,0.0,0.0,0.0,0.2068567928737348
2023-06-14 03:00:00,8.783,0.0,0.0,0.0,0.0,0.0,0.0,0.0,0.0,0.0,0.206590029158777
2023-06-14 04:00:00,8.791,0.0,0.0,0.0,0.0,0.0,0.0,0.0,0.0,0.0,0.2062308360067395
2023-06-14 05:00:00,8.798,0.0,0.0,0.0,0.0,0.0,0.0,0.0,0.0,0.0,0.2059243291102337
2023-06-14 06:00:00,8.8,0.0,0.0,0.0,0.0,0.0,0.0,0.0,0.0,0.0,0.2055787047429809
2023-06-14 07:00:00,8.802,0.0,0.0,0.0,0.0,0.0,0.0,0.0,0.0,0.0,0.2052266826585498
2023-06-14 08:00:00,8.803,0.0,0.0,0.0,0.0,0.0,0.0,0.0,0.0,0.0,0.2048680519431873
2023-06-14 09:00:00,8.797,0.0,0.0,0.0,0.0,0.0,0.0,0.0,0.0,0.0,0.2044868112734894
2023-06-14 10:00:00,8.808,0.0,0.0,0.0,0.0,0.0,0.0,0.0,0.0,0.0,0.2041249113949534
2023-06-14 11:00:00,8.791,0.0,0.0,0.0,0.0,0.0,0.0,0.0,0.0,0.0,0.2037447885681471
2023-06-14 12:00:00,8.789,0.0,0.0,0.0,0.0,0.0,0.0,0.0,0.0,0.0,0.2033037960321877
2023-06-14 13:00:00,8.791,0.0,0.0,0.0,0.0,0.0,0.0,0.0,0.0,0.0,0.2029384512290173
2023-06-14 14:00:00,8.783,0.0,0.0,0.0,0.0,0.0,0.0,0.0,0.0,0.0,0.2025328359599161
2023-06-14 15:00:00,8.782,0.0,0.0,0.0,0.0,0.0,0.0,0.0,0.0,0.0,0.2021222009434904
2023-06-14 16:00:00,8.747,0.0,0.0,0.0,0.0,0.0,0.0,0.0,0.0,0.0,0.2016481019787481
2023-06-14 17:00:00,8.546,0.0,0.0,0.0,0.0,0.0,0.0,0.0,0.0,0.0,0.2006435268030522
2023-06-14 18:00:00,8.547,0.0,0.0,0.0,0.0,0.0,0.0,1.0,0.0,0.0,0.1996851206479162
2023-06-14 19:00:00,8.551,0.0,0.0,0.0,0.0,0.0,0.0,0.0,0.0,0.0,0.2019209751620883
2023-06-14 20:00:00,8.548,0.0,0.0,0.0,0.0,0.0,0.0,0.0,0.0,0.0,0.1969267624626587
2023-06-14 21:00:00,8.551,0.0,0.0,0.0,0.0,0.0,0.0,0.0,0.0,0.0,0.1987929976549303
2023-06-14 22:00:00,8.548,0.0,0.0,0.0,0.0,0.0,0.0,0.0,0.0,0.0,0.1972335013642929
2023-06-14 23:00:00,8.552,0.0,0.0,0.0,0.0,0.0,0.0,0.0,0.0,0.0,0.1973866809927322
2023-06-15 00:00:00,8.551,0.0,0.0,0.0,0.0,0.0,0.0,1.0,0.0,0.0,0.1966989685788207
2023-06-15 01:00:00,8.552,0.0,0.0,0.0,0.0,0.0,0.0,0.0,0.0,0.0,0.199322686454539
2023-06-15 02:00:00,8.552,0.0,0.0,0.0,0.0,0.0,0.0,0.0,0.0,0.0,0.1941180661949877
2023-06-15 03:00:00,8.55,0.0,0.0,0.0,0.0,0.0,0.0,0.0,0.0,0.0,0.1960871148114513
2023-06-15 04:00:00,8.555,0.0,0.0,0.0,0.0,0.0,0.0,0.0,0.0,0.0,0.1946011008724042
2023-06-15 05:00:00,8.554,0.0,0.0,0.0,0.0,0.0,0.0,0.0,0.0,0.0,0.1948331552140554
2023-06-15 06:00:00,8.553,0.0,0.0,0.0,0.0,0.0,0.0,0.0,0.0,0.0,0.1941859312102862
2023-06-15 07:00:00,8.553,0.0,0.0,0.0,0.0,0.0,0.0,0.0,0.0,0.0,0.1939376365096441
2023-06-15 08:00:00,8.55,0.0,0.0,0.0,0.0,0.0,0.0,0.0,0.0,0.0,0.1935105010072653
2023-06-15 09:00:00,8.573,0.0,0.0,0.0,0.0,0.0,0.0,0.0,0.0,0.0,0.1932186877688941
2023-06-15 10:00:00,8.787,0.0,0.0,0.0,0.0,0.0,0.0,0.0,0.0,0.0,0.1934651404894256
2023-06-15 11:00:00,8.793,0.0,0.0,0.0,0.0,0.0,0.0,0.0,0.0,0.0,0.1938090634857365
2023-06-15 12:00:00,8.778,0.0,0.0,0.0,0.0,0.0,0.0,0.0,0.0,0.0,0.1933614763797626
2023-06-15 13:00:00,8.785,0.0,0.0,0.0,0.0,0.0,0.0,0.0,0.0,0.0,0.1931605458776149
2023-06-15 14:00:00,8.771,0.0,0.0,0.0,0.0,0.0,0.0,0.0,0.0,0.0,0.1928728806097219
2023-06-15 15:00:00,8.766,0.0,0.0,0.0,0.0,0.0,0.0,0.0,0.0,0.0,0.1925520667302955
2023-06-15 16:00:00,8.778,0.0,0.0,0.0,0.0,0.0,0.0,0.0,0.0,0.0,0.1923010160899458
2023-06-15 17:00:00,8.779,0.0,0.0,0.0,0.0,0.0,0.0,0.0,0.0,0.0,0.1920588589795198
2023-06-15 18:00:00,8.773,0.0,3.0,5.0,0.0,1.0,0.0,0.0,0.0,0.0,0.1944705030764666
2023-06-15 19:00:00,8.754,0.0,0.0,0.0,2.0,4.0,1.0,0.0,0.0,0.0,0.2199809152231164
2023-06-15 20:00:00,8.765,0.0,0.0,0.0,0.5,0.0,3.0,0.0,0.0,0.0,0.2291133752767344
2023-06-15 21:00:00,8.76,0.0,0.0,0.0,0.0,0.0,0.0,0.0,0.0,0.0,0.2137946672042097
2023-06-15 22:00:00,8.751,0.0,0.0,0.0,0.0,0.0,0.0,0.0,0.0,0.0,0.2089900308165511
2023-06-15 23:00:00,8.759,0.0,0.0,0.0,0.0,0.0,0.0,0.0,0.0,0.0,0.2080170153687817
