date,ydd_hrel,3003430_hrf,3004630_hwl,3002655_hwl_AR
2024-06-07 03:00:00,11.195,0.0,1.01,
2024-06-07 04:00:00,11.196,0.0,1.01,0.56
2024-06-07 05:00:00,11.196,0.0,1.01,0.6
2024-06-07 06:00:00,11.198,0.0,1.02,0.67
2024-06-07 07:00:00,11.2,0.0,1.02,0.71
2024-06-07 08:00:00,11.207,0.0,1.01,0.72
2024-06-07 09:00:00,11.197,0.0,1.02,0.72
2024-06-07 10:00:00,11.213,0.0,1.02,0.72
2024-06-07 11:00:00,11.211,0.0,1.01,0.73
2024-06-07 12:00:00,11.207,0.0,1.02,0.73
2024-06-07 13:00:00,11.213,0.0,1.01,0.73
2024-06-07 14:00:00,11.21,0.0,1.01,0.73
2024-06-07 15:00:00,11.212,0.0,1.02,0.73
2024-06-07 16:00:00,11.163,0.0,1.02,0.73
2024-06-07 17:00:00,11.159,0.0,1.02,0.73
2024-06-07 18:00:00,11.162,0.0,1.01,0.73
2024-06-07 19:00:00,11.16,0.0,1.01,0.73
2024-06-07 20:00:00,11.16,0.0,1.01,0.73
2024-06-07 21:00:00,11.165,0.0,1.02,0.73
2024-06-07 22:00:00,11.162,0.0,1.02,0.73
2024-06-07 23:00:00,11.133,0.0,1.01,0.73
2024-06-08 00:00:00,11.105,0.0,1.02,0.72
2024-06-08 01:00:00,11.103,0.0,1.01,0.73
2024-06-08 02:00:00,11.112,0.0,1.01,0.73
2024-06-08 03:00:00,11.113,0.0,1.01,0.73
2024-06-08 04:00:00,11.102,0.0,1.01,0.73
2024-06-08 05:00:00,11.11,0.0,1.01,0.72
2024-06-08 06:00:00,11.108,0.0,1.01,0.72
2024-06-08 07:00:00,11.11,0.0,1.01,0.72
2024-06-08 08:00:00,11.111,0.0,1.01,0.72
2024-06-08 09:00:00,11.115,0.0,1.01,0.72
2024-06-08 10:00:00,11.111,0.0,1.02,0.73
2024-06-08 11:00:00,11.116,1.0,1.02,0.72
2024-06-08 12:00:00,11.121,1.0,1.02,0.73
2024-06-08 13:00:00,11.124,0.0,1.02,0.73
2024-06-08 14:00:00,11.118,1.0,1.02,0.73
2024-06-08 15:00:00,11.116,2.0,1.02,0.73
2024-06-08 16:00:00,11.121,1.0,1.01,0.73
2024-06-08 17:00:00,11.117,1.0,1.02,0.73
2024-06-08 18:00:00,11.123,0.0,1.01,0.73
2024-06-08 19:00:00,11.123,0.0,1.02,0.73
2024-06-08 20:00:00,11.123,0.0,1.01,0.73
2024-06-08 21:00:00,11.137,0.0,1.02,0.73
2024-06-08 22:00:00,11.127,0.0,1.02,0.73
2024-06-08 23:00:00,11.13,0.0,1.02,0.73
2024-06-09 00:00:00,11.128,1.0,1.01,0.73
2024-06-09 01:00:00,11.127,0.0,1.02,0.73
2024-06-09 02:00:00,11.134,0.0,1.02,0.73
2024-06-09 03:00:00,11.13,0.0,1.01,0.73
2024-06-09 04:00:00,11.136,0.0,1.02,0.73
2024-06-09 05:00:00,11.138,0.0,1.01,0.73
2024-06-09 06:00:00,11.134,0.0,1.01,0.73
2024-06-09 07:00:00,11.136,0.0,1.01,0.73
2024-06-09 08:00:00,11.146,0.0,1.02,0.73
2024-06-09 09:00:00,11.14,0.0,1.01,0.73
2024-06-09 10:00:00,11.139,0.0,1.01,0.73
2024-06-09 11:00:00,11.139,0.0,1.02,0.73
2024-06-09 12:00:00,11.152,0.0,1.01,0.73
2024-06-09 13:00:00,11.154,0.0,1.02,0.73
2024-06-09 14:00:00,11.144,0.0,1.02,0.73
2024-06-09 15:00:00,11.152,0.0,1.01,0.72
2024-06-09 16:00:00,11.146,0.0,1.02,0.73
2024-06-09 17:00:00,11.149,0.0,1.01,0.73
2024-06-09 18:00:00,11.159,0.0,1.01,0.72
2024-06-09 19:00:00,11.151,0.0,1.01,0.73
2024-06-09 20:00:00,11.151,0.0,1.01,0.73
2024-06-09 21:00:00,11.15,0.0,1.02,0.72
2024-06-09 22:00:00,11.156,0.0,1.02,0.72
2024-06-09 23:00:00,11.156,0.0,1.01,0.72
2024-06-10 00:00:00,11.154,0.0,1.01,0.73
2024-06-10 01:00:00,11.166,0.0,1.01,0.73
2024-06-10 02:00:00,11.165,0.0,1.02,0.72
2024-06-10 03:00:00,11.158,0.0,1.02,0.73
2024-06-10 04:00:00,11.16,0.0,1.02,0.73
2024-06-10 05:00:00,11.164,0.0,1.01,0.73
2024-06-10 06:00:00,11.163,0.0,1.02,0.73
2024-06-10 07:00:00,11.172,0.0,1.02,0.73
2024-06-10 08:00:00,11.162,0.0,1.02,0.72
2024-06-10 09:00:00,11.168,0.0,1.01,0.72
2024-06-10 10:00:00,11.155,0.0,1.02,0.73
2024-06-10 11:00:00,11.15,0.0,1.01,0.73
2024-06-10 12:00:00,11.163,0.0,1.01,0.73
2024-06-10 13:00:00,11.176,0.0,1.01,0.73
2024-06-10 14:00:00,11.175,0.0,1.02,0.73
2024-06-10 15:00:00,11.179,0.0,1.01,0.72
2024-06-10 16:00:00,11.117,0.0,1.02,0.72
2024-06-10 17:00:00,11.04,0.0,1.01,0.72
2024-06-10 18:00:00,11.083,0.0,1.01,0.72
2024-06-10 19:00:00,11.082,0.0,1.01,0.72
2024-06-10 20:00:00,11.084,0.0,1.01,0.73
2024-06-10 21:00:00,11.082,0.0,1.01,0.72
2024-06-10 22:00:00,11.075,0.0,1.01,0.72
2024-06-10 23:00:00,11.081,0.0,1.01,0.72
2024-06-11 00:00:00,11.084,0.0,1.01,0.72
2024-06-11 01:00:00,11.093,0.0,1.01,0.72
2024-06-11 02:00:00,11.091,0.0,1.01,0.72
2024-06-11 03:00:00,11.086,0.0,1.01,0.72
2024-06-11 04:00:00,11.093,0.0,1.01,0.72
2024-06-11 05:00:00,11.093,0.0,1.01,0.72
2024-06-11 06:00:00,11.095,0.0,1.02,0.72
2024-06-11 07:00:00,11.091,0.0,1.01,0.72
2024-06-11 08:00:00,11.096,0.0,1.01,0.72
2024-06-11 09:00:00,11.093,0.0,1.01,0.72
2024-06-11 10:00:00,11.088,0.0,1.01,0.72
2024-06-11 11:00:00,11.09,0.0,1.01,0.72
2024-06-11 12:00:00,11.089,0.0,1.01,0.72
2024-06-11 13:00:00,11.094,0.0,1.01,0.72
2024-06-11 14:00:00,11.099,0.0,1.01,0.72
2024-06-11 15:00:00,11.087,0.0,1.01,0.73
2024-06-11 16:00:00,11.102,0.0,1.01,0.72
2024-06-11 17:00:00,11.099,0.0,1.01,0.73
2024-06-11 18:00:00,11.111,0.0,1.01,0.72
2024-06-11 19:00:00,11.107,0.0,1.01,0.72
2024-06-11 20:00:00,11.101,0.0,1.01,0.73
2024-06-11 21:00:00,11.111,0.0,1.01,0.72
2024-06-11 22:00:00,11.109,0.0,1.01,0.72
2024-06-11 23:00:00,11.112,0.0,1.01,0.72
2024-06-12 00:00:00,11.116,0.0,1.01,0.72
2024-06-12 01:00:00,11.109,0.0,1.01,0.72
2024-06-12 02:00:00,11.108,0.0,1.01,0.73
2024-06-12 03:00:00,11.117,0.0,1.01,0.72
2024-06-12 04:00:00,11.124,0.0,1.01,0.73
2024-06-12 05:00:00,11.123,0.0,1.01,0.72
2024-06-12 06:00:00,11.124,0.0,1.01,0.72
2024-06-12 07:00:00,11.127,0.0,1.01,0.72
2024-06-12 08:00:00,11.135,0.0,1.01,0.72
2024-06-12 09:00:00,11.118,0.0,1.02,0.72
2024-06-12 10:00:00,11.128,0.0,1.02,0.72
2024-06-12 11:00:00,11.122,0.0,1.01,0.72
2024-06-12 12:00:00,11.136,0.0,1.01,0.72
2024-06-12 13:00:00,11.131,0.0,1.02,0.73
2024-06-12 14:00:00,11.125,0.0,1.01,0.73
2024-06-12 15:00:00,11.138,0.0,1.01,0.73
2024-06-12 16:00:00,11.13,0.0,1.01,0.73
2024-06-12 17:00:00,11.135,0.0,1.02,0.73
2024-06-12 18:00:00,11.128,0.0,1.01,0.73
2024-06-12 19:00:00,11.147,0.0,1.02,0.72
2024-06-12 20:00:00,11.142,0.0,1.01,0.73
2024-06-12 21:00:00,11.146,0.0,1.02,0.72
2024-06-12 22:00:00,11.151,0.0,1.01,0.72
2024-06-12 23:00:00,11.146,0.0,1.01,0.72
2024-06-13 00:00:00,11.145,0.0,1.01,0.72
2024-06-13 01:00:00,11.144,0.0,1.01,0.72
2024-06-13 02:00:00,11.154,0.0,1.01,0.72
2024-06-13 03:00:00,11.154,0.0,1.01,0.72
2024-06-13 04:00:00,11.151,0.0,1.01,0.72
2024-06-13 05:00:00,11.149,0.0,1.01,0.73
2024-06-13 06:00:00,11.149,0.0,1.01,0.73
2024-06-13 07:00:00,11.151,0.0,1.01,0.72
2024-06-13 08:00:00,11.163,0.0,1.01,0.73
2024-06-13 09:00:00,11.162,0.0,1.02,0.73
2024-06-13 10:00:00,11.16,0.0,1.02,0.73
2024-06-13 11:00:00,11.167,0.0,1.01,0.73
2024-06-13 12:00:00,11.173,0.0,1.01,0.73
2024-06-13 13:00:00,11.167,0.0,1.01,0.73
2024-06-13 14:00:00,11.173,0.0,1.02,0.73
2024-06-13 15:00:00,11.165,0.0,1.01,0.73
2024-06-13 16:00:00,11.171,0.0,1.01,0.72
2024-06-13 17:00:00,11.176,0.0,1.01,0.73
2024-06-13 18:00:00,11.17,0.0,1.01,0.73
2024-06-13 19:00:00,11.171,0.0,1.01,0.73
2024-06-13 20:00:00,11.172,0.0,1.02,0.72
2024-06-13 21:00:00,11.162,0.0,1.01,0.73
2024-06-13 22:00:00,11.166,0.0,1.01,0.73
2024-06-13 23:00:00,11.181,0.0,1.01,0.73
2024-06-14 00:00:00,11.169,0.0,1.01,0.73
2024-06-14 01:00:00,11.176,0.0,1.01,0.73
2024-06-14 02:00:00,11.179,0.0,1.01,0.73
2024-06-14 03:00:00,11.178,0.0,1.02,0.73
2024-06-14 04:00:00,11.182,0.0,1.02,0.73
2024-06-14 05:00:00,11.19,0.0,1.01,0.73
2024-06-14 06:00:00,11.189,0.0,1.01,0.73
2024-06-14 07:00:00,11.182,0.0,1.01,0.73
2024-06-14 08:00:00,11.185,0.0,1.01,0.73
2024-06-14 09:00:00,11.185,0.0,1.02,0.73
2024-06-14 10:00:00,11.191,0.0,1.02,0.73
2024-06-14 11:00:00,11.194,0.0,1.02,0.72
2024-06-14 12:00:00,11.19,0.0,1.02,0.73
2024-06-14 13:00:00,11.194,0.0,1.02,0.73
2024-06-14 14:00:00,11.203,0.0,1.01,0.73
2024-06-14 15:00:00,11.202,0.0,1.01,0.73
2024-06-14 16:00:00,11.17,0.0,1.01,0.73
2024-06-14 17:00:00,11.163,0.0,1.01,0.73
2024-06-14 18:00:00,11.148,0.0,1.01,0.73
2024-06-14 19:00:00,11.122,0.0,1.01,0.73
2024-06-14 20:00:00,11.126,0.0,1.01,0.73
2024-06-14 21:00:00,11.131,0.0,1.01,0.73
2024-06-14 22:00:00,11.127,0.0,1.01,0.73
2024-06-14 23:00:00,11.131,0.0,1.01,0.73
2024-06-15 00:00:00,11.131,0.0,1.01,0.73
2024-06-15 01:00:00,11.142,0.0,1.01,0.73
2024-06-15 02:00:00,11.135,0.0,1.01,0.73
2024-06-15 03:00:00,11.138,0.0,1.01,0.73
2024-06-15 04:00:00,11.141,0.0,1.01,0.73
2024-06-15 05:00:00,11.149,0.0,1.01,0.73
2024-06-15 06:00:00,11.14,0.0,1.01,0.73
2024-06-15 07:00:00,11.139,0.0,1.01,0.73
2024-06-15 08:00:00,11.136,0.0,1.02,0.73
2024-06-15 09:00:00,11.142,0.0,1.01,0.73
2024-06-15 10:00:00,11.139,0.0,1.01,0.73
2024-06-15 11:00:00,11.146,0.0,1.01,0.73
2024-06-15 12:00:00,11.139,0.0,1.02,0.73
2024-06-15 13:00:00,11.157,0.0,1.01,0.73
2024-06-15 14:00:00,11.154,0.0,1.01,0.73
2024-06-15 15:00:00,11.147,0.0,1.01,0.73
2024-06-15 16:00:00,11.147,0.0,1.01,0.72
2024-06-15 17:00:00,11.153,0.0,1.01,0.73
2024-06-15 18:00:00,11.153,0.0,1.02,0.73
2024-06-15 19:00:00,11.161,0.0,1.02,0.73
2024-06-15 20:00:00,11.169,0.0,1.01,0.73
2024-06-15 21:00:00,11.169,0.0,1.01,0.73
2024-06-15 22:00:00,11.165,0.0,1.01,0.72
2024-06-15 23:00:00,11.172,0.0,1.02,0.73
2024-06-16 00:00:00,11.175,0.0,1.01,0.73
2024-06-16 01:00:00,11.175,0.0,1.01,0.73
2024-06-16 02:00:00,11.159,0.0,1.01,0.73
2024-06-16 03:00:00,11.171,0.0,1.02,0.73
2024-06-16 04:00:00,11.177,0.0,1.01,0.73
2024-06-16 05:00:00,11.167,0.0,1.01,0.73
2024-06-16 06:00:00,11.181,0.0,1.02,0.73
2024-06-16 07:00:00,11.175,0.0,1.01,0.73
2024-06-16 08:00:00,11.148,0.0,1.01,0.73
2024-06-16 09:00:00,11.133,0.0,1.01,0.73
2024-06-16 10:00:00,11.143,0.0,1.01,0.73
2024-06-16 11:00:00,11.144,0.0,1.01,0.73
2024-06-16 12:00:00,11.146,0.0,1.01,0.73
2024-06-16 13:00:00,11.147,0.0,1.01,0.73
2024-06-16 14:00:00,11.141,0.0,1.01,0.72
2024-06-16 15:00:00,11.157,0.0,1.02,0.73
2024-06-16 16:00:00,11.149,0.0,1.01,0.73
2024-06-16 17:00:00,11.155,0.0,1.01,0.72
2024-06-16 18:00:00,11.147,0.0,1.01,0.72
2024-06-16 19:00:00,11.154,0.0,1.01,0.72
2024-06-16 20:00:00,11.152,0.0,1.01,0.73
2024-06-16 21:00:00,11.151,0.0,1.01,0.73
2024-06-16 22:00:00,11.158,0.0,1.01,0.73
2024-06-16 23:00:00,11.148,0.0,1.01,0.72
2024-06-17 00:00:00,11.149,0.0,1.01,0.73
2024-06-17 01:00:00,11.165,0.0,1.01,0.73
2024-06-17 02:00:00,11.155,0.0,1.01,0.73
2024-06-17 03:00:00,11.154,0.0,1.01,0.73
2024-06-17 04:00:00,11.158,0.0,1.01,0.73
2024-06-17 05:00:00,11.163,0.0,1.01,0.73
2024-06-17 06:00:00,11.164,0.0,1.01,0.73
2024-06-17 07:00:00,11.157,0.0,1.01,0.73
2024-06-17 08:00:00,11.165,0.0,1.01,0.73
2024-06-17 09:00:00,11.17,0.0,1.01,0.73
2024-06-17 10:00:00,11.168,0.0,1.01,0.73
2024-06-17 11:00:00,11.166,0.0,1.02,0.73
2024-06-17 12:00:00,11.17,0.0,1.01,0.73
2024-06-17 13:00:00,11.177,0.0,1.01,0.73
2024-06-17 14:00:00,11.17,0.0,1.01,0.73
2024-06-17 15:00:00,11.17,0.0,1.01,0.73
2024-06-17 16:00:00,11.179,0.0,1.01,0.73
2024-06-17 17:00:00,11.173,0.0,1.01,0.73
2024-06-17 18:00:00,11.177,0.0,1.02,0.73
2024-06-17 19:00:00,11.175,0.0,1.02,0.73
2024-06-17 20:00:00,11.173,0.0,1.01,0.73
2024-06-17 21:00:00,11.184,0.0,1.01,0.73
2024-06-17 22:00:00,11.187,0.0,1.01,0.73
2024-06-17 23:00:00,11.184,0.0,1.02,0.73
2024-06-18 00:00:00,11.185,0.0,1.01,0.73
2024-06-18 01:00:00,11.187,0.0,1.01,0.73
2024-06-18 02:00:00,11.191,0.0,1.01,0.73
2024-06-18 03:00:00,11.188,0.0,1.01,0.73
2024-06-18 04:00:00,11.198,0.0,1.01,0.73
2024-06-18 05:00:00,11.203,0.0,1.01,0.73
2024-06-18 06:00:00,11.208,0.0,1.02,0.73
2024-06-18 07:00:00,11.208,0.0,1.02,0.73
2024-06-18 08:00:00,11.205,0.0,1.01,0.73
2024-06-18 09:00:00,11.206,0.0,1.02,0.73
2024-06-18 10:00:00,11.211,0.0,1.02,0.73
2024-06-18 11:00:00,11.203,0.0,1.02,0.73
2024-06-18 12:00:00,11.212,0.0,1.01,0.73
2024-06-18 13:00:00,11.211,0.0,1.02,0.72
2024-06-18 14:00:00,11.211,0.0,1.02,0.73
2024-06-18 15:00:00,11.211,0.0,1.02,0.73
2024-06-18 16:00:00,11.113,0.0,1.02,0.73
2024-06-18 17:00:00,11.088,0.0,1.01,0.73
2024-06-18 18:00:00,11.099,0.0,1.01,0.73
2024-06-18 19:00:00,11.092,0.0,1.01,0.73
2024-06-18 20:00:00,11.088,0.0,1.01,0.73
2024-06-18 21:00:00,11.094,0.0,1.01,0.73
2024-06-18 22:00:00,11.099,0.0,1.01,0.73
2024-06-18 23:00:00,11.091,0.0,1.01,0.73
2024-06-19 00:00:00,11.095,0.0,1.01,0.73
2024-06-19 01:00:00,11.106,0.0,1.01,0.73
2024-06-19 02:00:00,11.107,0.0,1.01,0.73
2024-06-19 03:00:00,11.109,0.0,1.01,0.73
2024-06-19 04:00:00,11.118,0.0,1.01,0.73
2024-06-19 05:00:00,11.116,0.0,1.01,0.73
2024-06-19 06:00:00,11.108,0.0,1.01,0.73
2024-06-19 07:00:00,11.109,0.0,1.01,0.73
2024-06-19 08:00:00,11.105,0.0,1.01,0.73
2024-06-19 09:00:00,11.111,0.0,1.01,0.73
2024-06-19 10:00:00,11.116,0.0,1.01,0.73
2024-06-19 11:00:00,11.116,0.0,1.01,0.73
2024-06-19 12:00:00,11.116,0.0,1.01,0.73
2024-06-19 13:00:00,11.114,0.0,1.01,0.73
2024-06-19 14:00:00,11.118,0.0,1.01,0.73
2024-06-19 15:00:00,11.117,0.0,1.01,0.73
2024-06-19 16:00:00,11.129,0.0,1.01,0.73
2024-06-19 17:00:00,11.129,0.0,1.01,0.73
2024-06-19 18:00:00,11.125,0.0,1.01,0.73
2024-06-19 19:00:00,11.123,0.0,1.01,0.73
2024-06-19 20:00:00,11.129,0.0,1.01,0.73
2024-06-19 21:00:00,11.117,0.0,1.01,0.73
2024-06-19 22:00:00,11.125,0.0,1.01,0.73
2024-06-19 23:00:00,11.13,0.0,1.01,0.73
2024-06-20 00:00:00,11.125,0.0,1.01,0.73
2024-06-20 01:00:00,11.13,0.0,1.01,0.73
2024-06-20 02:00:00,11.138,0.0,1.01,0.73
2024-06-20 03:00:00,11.131,0.0,1.01,0.73
2024-06-20 04:00:00,11.133,0.0,1.01,0.73
2024-06-20 05:00:00,11.129,0.0,1.01,0.73
2024-06-20 06:00:00,11.133,0.0,1.01,0.73
2024-06-20 07:00:00,11.14,0.0,1.01,0.73
2024-06-20 08:00:00,11.141,0.0,1.01,0.73
2024-06-20 09:00:00,11.139,0.0,1.02,0.73
2024-06-20 10:00:00,11.15,0.0,1.01,0.73
2024-06-20 11:00:00,11.145,0.0,1.01,0.73
2024-06-20 12:00:00,11.144,0.0,1.01,0.73
2024-06-20 13:00:00,11.142,0.0,1.01,0.73
2024-06-20 14:00:00,11.15,0.0,1.01,0.73
2024-06-20 15:00:00,11.147,0.0,1.01,0.73
2024-06-20 16:00:00,11.148,0.0,1.01,0.73
2024-06-20 17:00:00,11.144,0.0,1.01,0.72
2024-06-20 18:00:00,11.156,0.0,1.01,0.73
2024-06-20 19:00:00,11.152,0.0,1.01,0.73
2024-06-20 20:00:00,11.158,0.0,1.01,0.73
2024-06-20 21:00:00,11.163,0.0,1.01,0.73
2024-06-20 22:00:00,11.161,0.0,1.01,0.73
2024-06-20 23:00:00,11.161,0.0,1.01,0.73
2024-06-21 00:00:00,11.177,0.0,1.01,0.73
2024-06-21 01:00:00,11.164,0.0,1.01,0.73
2024-06-21 02:00:00,11.166,0.0,1.02,0.73
2024-06-21 03:00:00,11.167,0.0,1.01,0.73
2024-06-21 04:00:00,11.168,0.0,1.02,0.73
2024-06-21 05:00:00,11.174,0.0,1.01,0.73
2024-06-21 06:00:00,11.178,0.0,1.01,0.73
2024-06-21 07:00:00,11.168,0.0,1.01,0.73
2024-06-21 08:00:00,11.186,0.0,1.01,0.73
2024-06-21 09:00:00,11.176,0.0,1.02,0.73
2024-06-21 10:00:00,11.179,0.0,1.02,0.73
2024-06-21 11:00:00,11.176,0.0,1.01,0.73
2024-06-21 12:00:00,11.18,0.0,1.02,0.73
2024-06-21 13:00:00,11.181,0.0,1.01,0.73
2024-06-21 14:00:00,11.177,0.0,1.01,0.73
2024-06-21 15:00:00,11.188,0.0,1.02,0.73
2024-06-21 16:00:00,11.183,0.0,1.01,0.73
2024-06-21 17:00:00,11.189,0.0,1.01,0.73
2024-06-21 18:00:00,11.184,0.0,1.01,0.73
2024-06-21 19:00:00,11.188,0.0,1.01,0.73
2024-06-21 20:00:00,11.189,0.0,1.01,0.73
2024-06-21 21:00:00,11.192,0.0,1.01,0.73
2024-06-21 22:00:00,11.195,0.0,1.01,0.73
2024-06-21 23:00:00,11.198,0.0,1.01,0.73
2024-06-22 00:00:00,11.196,0.0,1.01,0.73
2024-06-22 01:00:00,11.19,0.0,1.01,0.73
2024-06-22 02:00:00,11.204,0.0,1.01,0.73
2024-06-22 03:00:00,11.205,0.0,1.01,0.73
2024-06-22 04:00:00,11.196,0.0,1.01,0.73
2024-06-22 05:00:00,11.207,0.0,1.02,0.73
2024-06-22 06:00:00,11.204,0.0,1.01,0.73
2024-06-22 07:00:00,11.207,0.0,1.02,0.73
2024-06-22 08:00:00,11.206,0.0,1.01,0.73
2024-06-22 09:00:00,11.213,3.0,1.02,0.74
2024-06-22 10:00:00,11.21,0.0,1.02,0.73
2024-06-22 11:00:00,11.209,1.0,1.02,0.74
2024-06-22 12:00:00,11.205,0.0,1.02,0.74
2024-06-22 13:00:00,11.208,1.0,1.02,0.74
2024-06-22 14:00:00,11.207,1.0,1.02,0.74
2024-06-22 15:00:00,11.209,2.0,1.02,0.74
2024-06-22 16:00:00,11.209,0.0,1.02,0.74
2024-06-22 17:00:00,11.213,2.0,1.02,0.74
2024-06-22 18:00:00,11.216,2.0,1.02,0.74
2024-06-22 19:00:00,11.21,0.0,1.02,0.75
2024-06-22 20:00:00,11.206,1.0,1.02,0.75
2024-06-22 21:00:00,11.209,0.0,1.02,0.75
2024-06-22 22:00:00,11.216,0.0,1.02,0.75
2024-06-22 23:00:00,11.212,0.0,1.02,0.75
2024-06-23 00:00:00,11.214,0.0,1.01,0.74
2024-06-23 01:00:00,11.217,0.0,1.02,0.74
2024-06-23 02:00:00,11.222,0.0,1.02,0.74
2024-06-23 03:00:00,11.209,0.0,1.02,0.74
2024-06-23 04:00:00,11.209,0.0,1.02,0.74
2024-06-23 05:00:00,11.209,1.0,1.02,0.74
2024-06-23 06:00:00,11.204,0.0,1.02,0.74
2024-06-23 07:00:00,11.21,0.0,1.02,0.74
2024-06-23 08:00:00,11.211,0.0,1.01,0.74
2024-06-23 09:00:00,11.218,0.0,1.02,0.74
2024-06-23 10:00:00,11.217,1.0,1.02,0.74
2024-06-23 11:00:00,11.223,1.0,1.01,0.74
2024-06-23 12:00:00,11.218,0.0,1.02,0.74
2024-06-23 13:00:00,11.224,0.0,1.02,0.74
2024-06-23 14:00:00,11.225,0.0,1.02,0.74
2024-06-23 15:00:00,11.175,0.0,1.02,0.74
2024-06-23 16:00:00,11.043,0.0,1.02,0.74
2024-06-23 17:00:00,11.017,0.0,1.01,0.73
2024-06-23 18:00:00,11.022,0.0,1.01,0.74
2024-06-23 19:00:00,11.015,0.0,1.01,0.74
2024-06-23 20:00:00,11.016,0.0,1.01,0.74
2024-06-23 21:00:00,11.02,0.0,1.01,0.73
2024-06-23 22:00:00,11.02,0.0,1.01,0.73
2024-06-23 23:00:00,11.022,0.0,1.01,0.73
2024-06-24 00:00:00,11.022,0.0,1.01,0.73
2024-06-24 01:00:00,11.038,0.0,1.01,0.73
2024-06-24 02:00:00,11.091,0.0,1.01,0.73
2024-06-24 03:00:00,11.099,0.0,1.01,0.73
2024-06-24 04:00:00,11.106,0.0,1.01,0.73
2024-06-24 05:00:00,11.1,0.0,1.01,0.73
2024-06-24 06:00:00,11.099,0.0,1.01,0.73
2024-06-24 07:00:00,11.102,0.0,1.01,0.73
2024-06-24 08:00:00,11.098,0.0,1.01,0.73
2024-06-24 09:00:00,11.103,0.0,1.01,0.73
2024-06-24 10:00:00,11.109,0.0,1.01,0.73
2024-06-24 11:00:00,11.118,0.0,1.01,0.73
2024-06-24 12:00:00,11.072,0.0,1.01,0.73
2024-06-24 13:00:00,11.1,0.0,1.01,0.73
2024-06-24 14:00:00,11.105,0.0,1.01,0.73
2024-06-24 15:00:00,11.111,0.0,1.01,0.73
2024-06-24 16:00:00,11.117,0.0,1.01,0.73
2024-06-24 17:00:00,11.108,0.0,1.01,0.73
2024-06-24 18:00:00,11.11,0.0,1.01,0.72
2024-06-24 19:00:00,11.125,0.0,1.01,0.73
2024-06-24 20:00:00,11.122,0.0,1.01,0.73
2024-06-24 21:00:00,11.12,0.0,1.01,0.73
2024-06-24 22:00:00,11.119,0.0,1.01,0.73
2024-06-24 23:00:00,11.122,0.0,1.01,0.73
2024-06-25 00:00:00,11.116,0.0,1.01,0.73
2024-06-25 01:00:00,11.125,0.0,1.01,0.73
2024-06-25 02:00:00,11.119,0.0,1.01,0.73
2024-06-25 03:00:00,11.128,0.0,1.01,0.73
2024-06-25 04:00:00,11.121,0.0,1.01,0.73
2024-06-25 05:00:00,11.128,0.0,1.01,0.73
2024-06-25 06:00:00,11.123,0.0,1.01,0.73
2024-06-25 07:00:00,11.115,0.0,1.01,0.73
2024-06-25 08:00:00,11.127,0.0,1.01,0.73
2024-06-25 09:00:00,11.125,0.0,1.02,0.73
2024-06-25 10:00:00,11.129,0.0,1.01,0.73
2024-06-25 11:00:00,11.131,0.0,1.01,0.73
2024-06-25 12:00:00,11.135,0.0,1.01,0.73
2024-06-25 13:00:00,11.137,0.0,1.01,0.73
2024-06-25 14:00:00,11.142,0.0,1.01,0.74
2024-06-25 15:00:00,11.132,0.0,1.01,0.73
2024-06-25 16:00:00,11.139,0.0,1.01,0.73
2024-06-25 17:00:00,11.14,0.0,1.01,0.73
2024-06-25 18:00:00,11.141,0.0,1.01,0.73
2024-06-25 19:00:00,11.143,0.0,1.01,0.73
2024-06-25 20:00:00,11.136,0.0,1.01,0.74
2024-06-25 21:00:00,11.145,0.0,1.01,0.73
2024-06-25 22:00:00,11.147,0.0,1.01,0.74
2024-06-25 23:00:00,11.143,0.0,1.01,0.74
2024-06-26 00:00:00,11.146,0.0,1.02,0.74
2024-06-26 01:00:00,11.144,0.0,1.01,0.74
2024-06-26 02:00:00,11.147,0.0,1.01,0.74
2024-06-26 03:00:00,11.147,0.0,1.01,0.74
2024-06-26 04:00:00,11.149,0.0,1.01,0.74
2024-06-26 05:00:00,11.158,0.0,1.01,0.74
2024-06-26 06:00:00,11.164,0.0,1.01,0.74
2024-06-26 07:00:00,11.159,0.0,1.01,0.73
2024-06-26 08:00:00,11.149,0.0,1.01,0.73
2024-06-26 09:00:00,11.15,0.0,1.02,0.74
2024-06-26 10:00:00,11.149,0.0,1.01,0.73
2024-06-26 11:00:00,11.167,0.0,1.01,0.74
2024-06-26 12:00:00,11.164,0.0,1.01,0.73
2024-06-26 13:00:00,11.166,0.0,1.01,0.74
2024-06-26 14:00:00,11.165,0.0,1.01,0.74
2024-06-26 15:00:00,11.166,0.0,1.01,0.74
2024-06-26 16:00:00,11.161,0.0,1.01,0.73
2024-06-26 17:00:00,11.166,0.0,1.01,0.74
2024-06-26 18:00:00,11.166,0.0,1.01,0.74
2024-06-26 19:00:00,11.175,0.0,1.01,0.74
2024-06-26 20:00:00,11.168,0.0,1.01,0.74
2024-06-26 21:00:00,11.17,0.0,1.02,0.74
2024-06-26 22:00:00,11.179,0.0,1.02,0.73
2024-06-26 23:00:00,11.18,0.0,1.02,0.74
2024-06-27 00:00:00,11.183,0.0,1.01,0.73
2024-06-27 01:00:00,11.182,0.0,1.01,0.74
2024-06-27 02:00:00,11.183,0.0,1.01,0.74
2024-06-27 03:00:00,11.193,0.0,1.01,0.74
2024-06-27 04:00:00,11.186,0.0,1.01,0.74
2024-06-27 05:00:00,11.189,0.0,1.01,0.74
2024-06-27 06:00:00,11.188,0.0,1.02,0.74
2024-06-27 07:00:00,11.19,0.0,1.02,0.74
2024-06-27 08:00:00,11.187,0.0,1.02,0.74
2024-06-27 09:00:00,11.188,0.0,1.02,0.74
2024-06-27 10:00:00,11.2,0.0,1.02,0.74
2024-06-27 11:00:00,11.198,0.0,1.02,0.74
2024-06-27 12:00:00,11.196,0.0,1.02,0.74
2024-06-27 13:00:00,11.197,0.0,1.02,0.74
2024-06-27 14:00:00,11.204,0.0,1.02,0.74
2024-06-27 15:00:00,11.188,0.0,1.02,0.74
2024-06-27 16:00:00,11.168,0.0,1.02,0.74
2024-06-27 17:00:00,11.175,0.0,1.02,0.74
2024-06-27 18:00:00,11.172,0.0,1.01,0.74
2024-06-27 19:00:00,11.184,0.0,1.01,0.74
2024-06-27 20:00:00,11.187,0.0,1.01,0.74
2024-06-27 21:00:00,11.154,0.0,1.02,0.74
2024-06-27 22:00:00,11.12,0.0,1.01,0.74
2024-06-27 23:00:00,11.12,0.0,1.01,0.74
2024-06-28 00:00:00,11.114,0.0,1.01,0.74
2024-06-28 01:00:00,11.128,0.0,1.01,0.74
2024-06-28 02:00:00,11.115,0.0,1.01,0.74
2024-06-28 03:00:00,11.135,0.0,1.02,0.74
2024-06-28 04:00:00,11.128,0.0,1.01,0.74
2024-06-28 05:00:00,11.128,0.0,1.02,0.74
2024-06-28 06:00:00,11.129,0.0,1.02,0.74
2024-06-28 07:00:00,11.122,0.0,1.01,0.73
2024-06-28 08:00:00,11.133,0.0,1.01,0.74
2024-06-28 09:00:00,11.135,0.0,1.02,0.74
2024-06-28 10:00:00,11.093,0.0,1.01,0.74
2024-06-28 11:00:00,11.122,0.0,1.01,0.74
2024-06-28 12:00:00,11.138,0.0,1.01,0.74
2024-06-28 13:00:00,11.139,0.0,1.01,0.74
2024-06-28 14:00:00,11.135,0.0,1.01,0.74
2024-06-28 15:00:00,11.142,0.0,1.02,0.74
2024-06-28 16:00:00,11.138,0.0,1.01,0.74
2024-06-28 17:00:00,11.149,0.0,1.02,0.74
2024-06-28 18:00:00,11.145,0.0,1.02,0.74
2024-06-28 19:00:00,11.15,0.0,1.02,0.74
2024-06-28 20:00:00,11.147,0.0,1.02,0.73
2024-06-28 21:00:00,11.136,0.0,1.02,0.73
2024-06-28 22:00:00,11.14,0.0,1.01,0.74
2024-06-28 23:00:00,11.145,0.0,1.02,0.74
2024-06-29 00:00:00,11.144,0.0,1.01,0.74
2024-06-29 01:00:00,11.147,0.0,1.02,0.74
2024-06-29 02:00:00,11.144,0.0,1.01,0.74
2024-06-29 03:00:00,11.148,0.0,1.01,0.74
2024-06-29 04:00:00,11.146,0.0,1.02,0.74
2024-06-29 05:00:00,11.159,0.0,1.02,0.74
2024-06-29 06:00:00,11.159,0.0,1.02,0.74
2024-06-29 07:00:00,11.154,0.0,1.02,0.74
2024-06-29 08:00:00,11.163,0.0,1.01,0.74
2024-06-29 09:00:00,11.166,0.0,1.02,0.74
2024-06-29 10:00:00,11.159,0.0,1.02,0.74
2024-06-29 11:00:00,11.166,0.0,1.01,0.74
2024-06-29 12:00:00,11.17,0.0,1.01,0.74
2024-06-29 13:00:00,11.166,0.0,1.02,0.74
2024-06-29 14:00:00,11.169,0.0,1.01,0.74
2024-06-29 15:00:00,11.169,0.0,1.01,0.73
2024-06-29 16:00:00,11.173,2.0,1.02,0.73
2024-06-29 17:00:00,11.164,3.0,1.02,0.73
2024-06-29 18:00:00,11.161,5.0,1.03,0.73
2024-06-29 19:00:00,11.167,3.0,1.02,0.75
2024-06-29 20:00:00,11.17,3.0,1.04,0.75
2024-06-29 21:00:00,11.163,1.0,1.04,0.77
2024-06-29 22:00:00,11.163,2.0,1.04,0.77
2024-06-29 23:00:00,11.16,2.0,1.04,0.79
2024-06-30 00:00:00,11.162,0.0,1.03,0.79
2024-06-30 01:00:00,11.164,1.0,1.02,0.79
2024-06-30 02:00:00,11.156,1.0,1.02,0.78
2024-06-30 03:00:00,11.159,3.0,1.02,0.77
2024-06-30 04:00:00,11.148,0.0,1.02,0.77
2024-06-30 05:00:00,11.152,1.0,1.03,0.76
2024-06-30 06:00:00,11.152,3.0,1.04,0.78
2024-06-30 07:00:00,11.153,13.0,1.04,0.77
2024-06-30 08:00:00,11.144,6.0,1.03,0.8
2024-06-30 09:00:00,11.149,2.0,1.03,0.8
2024-06-30 10:00:00,11.141,2.0,1.03,0.8
2024-06-30 11:00:00,11.142,0.0,1.03,0.8
2024-06-30 12:00:00,11.142,0.0,1.05,0.79
2024-06-30 13:00:00,11.13,1.0,1.04,0.81
2024-06-30 14:00:00,11.104,2.0,1.06,0.82
2024-06-30 15:00:00,11.099,0.0,1.05,0.85
2024-06-30 16:00:00,11.089,0.0,1.06,0.86
2024-06-30 17:00:00,11.086,0.0,1.05,0.85
2024-06-30 18:00:00,11.078,0.0,1.05,0.85
2024-06-30 19:00:00,11.059,0.0,1.05,0.84
2024-06-30 20:00:00,11.055,0.0,1.04,0.84
2024-06-30 21:00:00,11.057,0.0,1.04,0.83
2024-06-30 22:00:00,11.053,0.0,1.04,0.82
2024-06-30 23:00:00,11.056,0.0,1.03,0.82
2024-07-01 00:00:00,11.04,0.0,1.03,0.81
2024-07-01 01:00:00,11.041,0.0,1.03,0.8
2024-07-01 02:00:00,11.041,0.0,1.03,0.8
2024-07-01 03:00:00,11.042,0.0,1.03,0.79
2024-07-01 04:00:00,11.035,0.0,1.03,0.79
2024-07-01 05:00:00,11.028,0.0,1.03,0.79
2024-07-01 06:00:00,11.025,0.0,1.03,0.79
2024-07-01 07:00:00,11.029,0.0,1.03,0.78
2024-07-01 08:00:00,11.029,0.0,1.03,0.78
2024-07-01 09:00:00,10.68,0.0,1.03,0.78
2024-07-01 10:00:00,8.61,0.0,1.02,0.77
2024-07-01 11:00:00,8.645,0.0,1.0,0.77
2024-07-01 12:00:00,8.635,0.0,0.99,0.77
2024-07-01 13:00:00,8.634,0.0,0.98,0.77
2024-07-01 14:00:00,8.639,0.0,0.97,0.76
2024-07-01 15:00:00,8.68,0.0,0.97,0.75
2024-07-01 16:00:00,8.685,0.0,0.97,0.73
2024-07-01 17:00:00,8.677,0.0,0.97,0.72
2024-07-01 18:00:00,8.676,0.0,0.97,0.71
2024-07-01 19:00:00,8.677,0.0,0.97,0.7
2024-07-01 20:00:00,8.679,0.0,0.97,0.7
2024-07-01 21:00:00,8.678,0.0,0.97,0.7
2024-07-01 22:00:00,8.671,0.0,0.97,0.7
2024-07-01 23:00:00,8.678,0.0,0.97,0.69
2024-07-02 00:00:00,8.669,0.0,0.97,0.7
2024-07-02 01:00:00,8.689,0.0,0.97,0.69
2024-07-02 02:00:00,8.681,0.0,0.97,0.69
2024-07-02 03:00:00,8.679,0.0,0.97,0.69
2024-07-02 04:00:00,8.681,0.0,0.97,0.69
2024-07-02 05:00:00,8.68,9.0,0.97,0.69
2024-07-02 06:00:00,8.669,1.0,0.99,0.69
2024-07-02 07:00:00,8.666,2.0,0.98,0.71
2024-07-02 08:00:00,8.66,1.0,0.98,0.72
2024-07-02 09:00:00,8.658,1.0,0.99,0.73
2024-07-02 10:00:00,8.664,0.0,0.99,0.74
2024-07-02 11:00:00,8.658,0.0,0.99,0.75
2024-07-02 12:00:00,8.65,0.0,0.99,0.75
2024-07-02 13:00:00,8.651,0.0,0.99,0.76
2024-07-02 14:00:00,8.648,0.0,0.99,0.76
2024-07-02 15:00:00,8.641,0.0,0.99,0.76
2024-07-02 16:00:00,8.642,0.0,0.99,0.76
2024-07-02 17:00:00,8.641,0.0,0.99,0.76
2024-07-02 18:00:00,8.647,0.0,0.99,0.76
2024-07-02 19:00:00,8.646,0.0,0.99,0.75
2024-07-02 20:00:00,8.637,0.0,0.99,0.75
2024-07-02 21:00:00,8.631,0.0,0.98,0.75
2024-07-02 22:00:00,8.641,0.0,0.98,0.75
2024-07-02 23:00:00,8.634,0.0,0.98,0.74
2024-07-03 00:00:00,8.63,0.0,0.98,0.73
2024-07-03 01:00:00,8.645,0.0,0.98,0.74
2024-07-03 02:00:00,8.631,1.0,0.98,0.73
2024-07-03 03:00:00,8.637,1.0,0.98,0.73
2024-07-03 04:00:00,8.628,0.0,0.98,0.73
2024-07-03 05:00:00,8.631,17.0,0.99,0.72
2024-07-03 06:00:00,8.627,10.0,1.0,0.73
2024-07-03 07:00:00,8.619,1.0,1.0,0.75
2024-07-03 08:00:00,8.612,0.0,1.0,0.77
2024-07-03 09:00:00,8.615,1.0,1.0,0.78
2024-07-03 10:00:00,8.636,0.0,1.0,0.79
2024-07-03 11:00:00,8.728,0.0,1.0,0.81
2024-07-03 12:00:00,8.730833333333333,0.0,1.0,0.83
2024-07-03 13:00:00,8.7185,0.0,1.0,0.83
2024-07-03 14:00:00,8.707666666666666,0.0,1.0,0.83
2024-07-03 15:00:00,8.7055,0.0,1.0,0.82
2024-07-03 16:00:00,8.6965,0.0,1.0,0.81
2024-07-03 17:00:00,8.702666666666666,0.0,0.99,0.8
2024-07-03 18:00:00,8.7015,0.0,0.99,0.8
2024-07-03 19:00:00,8.693,0.0,0.99,0.79
2024-07-03 20:00:00,8.69,0.0,0.99,0.78
2024-07-03 21:00:00,8.691,0.0,0.99,0.78
2024-07-03 22:00:00,8.683,0.0,0.99,0.77
2024-07-03 23:00:00,8.683,0.0,0.99,0.76
2024-07-04 00:00:00,8.677,0.0,0.99,0.76
2024-07-04 01:00:00,8.681,0.0,0.98,0.75
2024-07-04 02:00:00,8.674,0.0,0.98,0.75
2024-07-04 03:00:00,8.674,0.0,0.98,0.75
2024-07-04 04:00:00,8.672,0.0,0.98,0.74
2024-07-04 05:00:00,8.67,0.0,0.98,0.74
2024-07-04 06:00:00,8.664,0.0,0.98,0.74
2024-07-04 07:00:00,8.663,0.0,0.98,0.73
2024-07-04 08:00:00,8.667,0.0,0.98,0.73
2024-07-04 09:00:00,8.659,0.0,0.98,0.73
2024-07-04 10:00:00,8.654,0.0,0.98,0.73
2024-07-04 11:00:00,8.656,0.0,0.98,0.73
2024-07-04 12:00:00,8.658,0.0,0.98,0.73
2024-07-04 13:00:00,8.661,0.0,0.98,0.73
2024-07-04 14:00:00,8.648,0.0,0.98,0.72
2024-07-04 15:00:00,8.651,0.0,0.98,0.72
2024-07-04 16:00:00,8.656,0.0,0.98,0.72
2024-07-04 17:00:00,8.651,0.0,0.97,0.72
2024-07-04 18:00:00,8.643,0.0,0.97,0.72
2024-07-04 19:00:00,8.696,0.0,0.97,0.71
2024-07-04 20:00:00,8.695,0.0,0.98,0.71
2024-07-04 21:00:00,8.692,0.0,0.98,0.71
2024-07-04 22:00:00,8.69,0.0,0.98,0.71
2024-07-04 23:00:00,8.697,0.0,0.98,0.71
2024-07-05 00:00:00,8.694,0.0,0.98,0.71
2024-07-05 01:00:00,8.689,0.0,0.98,0.71
2024-07-05 02:00:00,8.695,0.0,0.98,0.7
2024-07-05 03:00:00,8.688,2.0,0.99,0.71
2024-07-05 04:00:00,8.697,1.0,0.98,0.72
2024-07-05 05:00:00,8.681,1.0,0.98,0.72
2024-07-05 06:00:00,8.686,2.0,0.98,0.73
2024-07-05 07:00:00,8.685,0.0,0.98,0.72
2024-07-05 08:00:00,8.681,0.0,0.98,0.73
2024-07-05 09:00:00,8.679,0.0,0.98,0.72
2024-07-05 10:00:00,8.684,0.0,0.98,0.72
2024-07-05 11:00:00,8.68,0.0,0.98,0.72
2024-07-05 12:00:00,8.673,0.0,0.98,0.72
2024-07-05 13:00:00,8.679,0.0,0.98,0.71
2024-07-05 14:00:00,8.69,0.0,0.98,0.71
2024-07-05 15:00:00,8.676,0.0,0.98,0.71
2024-07-05 16:00:00,8.683,0.0,0.98,0.71
2024-07-05 17:00:00,8.679,0.0,0.98,0.71
2024-07-05 18:00:00,8.672,0.0,0.97,0.71
2024-07-05 19:00:00,8.673,0.0,0.98,0.71
2024-07-05 20:00:00,8.677,0.0,0.97,0.71
2024-07-05 21:00:00,8.674,0.0,0.97,0.71
2024-07-05 22:00:00,8.675,0.0,0.97,0.71
2024-07-05 23:00:00,8.679,0.0,0.98,0.71
2024-07-06 00:00:00,8.677,0.0,0.98,0.71
2024-07-06 01:00:00,8.678,0.0,0.98,0.71
2024-07-06 02:00:00,8.673,0.0,0.98,0.71
2024-07-06 03:00:00,8.684,0.0,0.97,0.71
2024-07-06 04:00:00,8.676,0.0,0.97,0.71
2024-07-06 05:00:00,8.665,0.0,0.98,0.71
2024-07-06 06:00:00,8.675,0.0,0.98,0.71
2024-07-06 07:00:00,8.672,0.0,0.97,0.71
2024-07-06 08:00:00,8.697,0.0,0.97,0.7
2024-07-06 09:00:00,8.712,0.0,0.97,0.71
2024-07-06 10:00:00,8.705,0.0,0.98,0.71
2024-07-06 11:00:00,8.708,0.0,0.98,0.7
2024-07-06 12:00:00,8.712,0.0,0.98,0.7
2024-07-06 13:00:00,8.713,0.0,0.97,0.7
2024-07-06 14:00:00,8.708,0.0,0.97,0.7
2024-07-06 15:00:00,8.706,0.0,0.98,0.7
2024-07-06 16:00:00,8.702,0.0,0.98,0.71
2024-07-06 17:00:00,8.707,0.0,0.97,0.7
2024-07-06 18:00:00,8.704,0.0,0.98,0.7
2024-07-06 19:00:00,8.705,0.0,0.97,0.7
2024-07-06 20:00:00,8.699,0.0,0.98,0.7
2024-07-06 21:00:00,8.697,0.0,0.98,0.7
2024-07-06 22:00:00,8.697,0.0,0.97,0.7
2024-07-06 23:00:00,8.696,0.0,0.97,0.7
2024-07-07 00:00:00,8.701,0.0,0.98,0.7
2024-07-07 01:00:00,8.708,0.0,0.98,0.7
2024-07-07 02:00:00,8.697,0.0,0.97,0.7
2024-07-07 03:00:00,8.706,0.0,0.9783887932629732,0.7
2024-07-07 04:00:00,8.696,0.0,0.9830106049973476,
2024-07-07 05:00:00,8.71,0.0,0.9880077436561816,
2024-07-07 06:00:00,8.701,0.0,0.9928857659871956,
2024-07-07 07:00:00,8.696,0.0,0.9975862033986616,
2024-07-07 08:00:00,8.711,0.0,1.0021506514595764,
2024-07-07 09:00:00,8.703,0.0,1.006545908910569,
2024-07-07 10:00:00,8.708,2.0,1.0081361855481843,
2024-07-07 11:00:00,8.695,5.0,1.0036055449170798,
2024-07-07 12:00:00,8.701,3.0,0.9991722675353768,
2024-07-07 13:00:00,8.687,1.0,0.9975157878781512,
2024-07-07 14:00:00,8.698,0.0,1.0019929090306068,
2024-07-07 15:00:00,8.688,0.0,1.007623557182729,
2024-07-07 16:00:00,8.697,0.0,1.011352372437586,
2024-07-07 17:00:00,8.69,0.0,1.015157127804298,
2024-07-07 18:00:00,8.694,0.0,1.019041820938546,
2024-07-07 19:00:00,8.687,0.0,1.0229991701220165,
2024-07-07 20:00:00,8.688,0.0,1.026984203646557,
2024-07-07 21:00:00,8.69,0.0,1.0309518423814064,
2024-07-07 22:00:00,8.686,0.0,1.0349431601286012,
2024-07-07 23:00:00,8.689,0.0,1.038893488477238,
2024-07-08 00:00:00,8.684,0.0,1.042808866112578,
2024-07-08 01:00:00,8.684,0.0,1.0467226093896451,
2024-07-08 02:00:00,8.679,0.0,1.0505695818418808,
2024-07-08 03:00:00,8.677,0.0,1.054295105361062,
2024-07-08 04:00:00,8.681,0.0,1.058005911982745,
2024-07-08 05:00:00,8.68,0.0,1.0615979245444365,
2024-07-08 06:00:00,8.68,0.0,1.0651629279928887,
2024-07-08 07:00:00,8.679,1.0,1.0661939548525368,
2024-07-08 08:00:00,8.68,0.0,1.0651504823162767,
2024-07-08 09:00:00,8.673,0.0,1.0716228940362402,
2024-07-08 10:00:00,8.67,2.0,1.0716488289233848,
2024-07-08 11:00:00,8.673,1.0,1.0651638334120257,
2024-07-08 12:00:00,8.669,2.0,1.0668690138765609,
2024-07-08 13:00:00,8.706,7.0,1.0604796705258952,
2024-07-08 14:00:00,8.73,1.0,1.047413413499001,
2024-07-08 15:00:00,8.729,6.0,1.0493170188693224,
2024-07-08 16:00:00,8.726,1.0,1.0383949401466674,
2024-07-08 17:00:00,8.726,0.0,1.0492124966703038,
2024-07-08 18:00:00,8.723,0.0,1.0562097138758109,
2024-07-08 19:00:00,8.71,0.0,1.0607435925312867,
2024-07-08 20:00:00,8.705,0.0,1.0648833990169493,
2024-07-08 21:00:00,8.705,0.0,1.0688684402145334,
2024-07-08 22:00:00,8.69,0.0,1.0727200625311504,
2024-07-08 23:00:00,8.692,2.0,1.072734932889519,
2024-07-09 00:00:00,8.683,6.0,1.0643677551453852,
2024-07-09 01:00:00,8.687,21.0,1.0936290447766377,
2024-07-09 02:00:00,8.673,5.0,1.0921891060809816,
2024-07-09 03:00:00,8.677,1.0,1.093912870656956,
2024-07-09 04:00:00,8.66,1.0,1.102901703042118,
2024-07-09 05:00:00,8.657,0.0,1.1030689140068084,
2024-07-09 06:00:00,8.652,4.0,1.1052014523040068,
2024-07-09 07:00:00,8.652,11.0,1.096775207470749,
2024-07-09 08:00:00,8.623,8.0,1.0986183032197625,
2024-07-09 09:00:00,8.721,6.0,1.1029162664787453,
2024-07-09 10:00:00,8.684,3.0,1.1062432060785152,
2024-07-09 11:00:00,8.655,1.0,1.1079222214645998,
2024-07-09 12:00:00,8.647,1.0,1.1133549971700702,
2024-07-09 13:00:00,8.622,0.0,1.113486497790154,
2024-07-09 14:00:00,8.59,5.0,1.1143396021163383,
2024-07-09 15:00:00,8.561,4.0,1.1048820235016912,
2024-07-09 16:00:00,8.544,5.0,1.1024402922422514,
2024-07-09 17:00:00,8.511,1.0,1.094430325366794,
2024-07-09 18:00:00,8.506,5.0,1.0993638468216886,
2024-07-09 19:00:00,8.575,1.0,1.0868757229328985,
2024-07-09 20:00:00,8.632,3.0,1.0956908989968015,
2024-07-09 21:00:00,8.598,10.0,1.0904894195156167,
2024-07-09 22:00:00,8.57,0.0,1.0746835943714714,
2024-07-09 23:00:00,8.539,2.0,1.0896770590505973,
2024-07-10 00:00:00,8.505,1.0,1.084095963413617,
2024-07-10 01:00:00,8.57,3.0,1.088560830715549,
2024-07-10 02:00:00,5.104,2.0,1.0770338782980744,
